filename,relative_path,phase,experiment_id,group,depth,status,leaderboard_submitted,final_score,docs_f2,chunks_f2,sha256,size_bytes,generated_timestamp,report_path,audit_path,notes,local_present,local_retention,purged_at,purge_reason
phase10d_R3_G1A_control_replay.zip,data/source_census/control_replay_g1a/phase10d_R3_G1A_control_replay.zip,Phase 10D Round 3,phase10d_R3_G1A_control_replay,G1A,,VALID_CONTROL,,,,,9703ba38c15683df50264290375a6efcd49e63865d4e801d429bcb8b62bebdd7,19688062,2026-10-08T13:46:33+07:00,artifacts/source_census/round3_report.json,,Local replay/control artifact; not an upload candidate.,true,RETAINED_LOCAL,,
phase10e_control_G5A.zip,data/source_census/phase10e_g5a_11200/control_depth1000_g5a/phase10e_control_G5A.zip,Phase 10E,phase10e_control_G5A,G5A,,VALID_CONTROL,,,,,79069629d9f6ca60034fa575df1a7949e1253ed7c75fa0574b8a07179cc6322a,21820386,2026-10-09T03:37:43+07:00,,,Local replay/control artifact; not an upload candidate.,true,RETAINED_LOCAL,,
smoke_medlatec_do_not_submit.zip,data/source_census/subset_smoke/output/smoke_medlatec_do_not_submit.zip,CONTROL,smoke_medlatec_do_not_submit,,,INVALID_DO_NOT_SUBMIT,,,,,288fe1703330c5b8589f1f3d388da03b4fcb6fdf39dcf5c799f3f6c0a22a8af4,18019324,2026-10-07T19:27:27+07:00,,,Scientifically invalid or explicit smoke artifact; never upload.,true,RETAINED_LOCAL,,
phase10b3_B0_fixed_baseline.zip,submissions/10_SUBMITTED_VALID/phase10b3_B0_fixed_baseline.zip,Phase 10B3,phase10b3_B0_fixed_baseline,,,SUBMITTED_VALID,true,0.0001,0.0001,0.0001,8d4f755f2e05478242fa6a077e36410ea980694cbe2d2b69570809f9a6d72871,15013614,2026-10-05T23:48:24+07:00,artifacts/phase10b3_source_probe/source_probe_summary.json,,,true,RETAINED_LOCAL,,
phase10b3_S1_cnkang.zip,submissions/10_SUBMITTED_VALID/phase10b3_S1_cnkang.zip,Phase 10B3,phase10b3_S1_cnkang,,,SUBMITTED_VALID,true,0.0001,0.0001,0.0001,c63dd4a4c0ccfad339a4fa11adb188081c45cfa73235c945119b6fea9e2a8724,18294329,2026-10-05T23:48:37+07:00,artifacts/phase10b3_source_probe/source_probe_summary.json,,,true,RETAINED_LOCAL,,
phase10b3_S2_familydoctor.zip,submissions/10_SUBMITTED_VALID/phase10b3_S2_familydoctor.zip,Phase 10B3,phase10b3_S2_familydoctor,,,SUBMITTED_VALID,true,0.0002,0.0002,0.0001,db90ca343096bf6b4492e64fc264561dd702cd06f8d4302cf421d089d147ffe7,14634856,2026-10-05T23:48:52+07:00,artifacts/phase10b3_source_probe/source_probe_summary.json,,,true,RETAINED_LOCAL,,
phase10b3_S3_ahospital.zip,submissions/10_SUBMITTED_VALID/phase10b3_S3_ahospital.zip,Phase 10B3,phase10b3_S3_ahospital,,,SUBMITTED_VALID,true,0.0001,0.0001,0.0001,4be45037d21a5f36892ea1a5698ee8fdb301e8ccdd96f4d62af70530e5618acd,19169471,2026-10-05T23:49:07+07:00,artifacts/phase10b3_source_probe/source_probe_summary.json,,,true,RETAINED_LOCAL,,
phase10b3_S4_suckhoecongdong.zip,submissions/10_SUBMITTED_VALID/phase10b3_S4_suckhoecongdong.zip,Phase 10B3,phase10b3_S4_suckhoecongdong,,,SUBMITTED_VALID,true,0.0004,0.0003,0.0004,69cac622955a08f56757f84ee4b275e0236bdb69150839e2e312ce095bc65d51,17330400,2026-10-05T23:49:22+07:00,artifacts/phase10b3_source_probe/source_probe_summary.json,,,true,RETAINED_LOCAL,,
phase10b3_S5_120ask_shortqa.zip,submissions/10_SUBMITTED_VALID/phase10b3_S5_120ask_shortqa.zip,Phase 10B3,phase10b3_S5_120ask_shortqa,,,SUBMITTED_VALID,true,0.0001,0.0001,0.0001,40e13a2b56bcf24f9be4608a6b733213b28a6252c4efbe69bdcacd6ba19c6dff,14177919,2026-10-05T23:49:36+07:00,artifacts/phase10b3_source_probe/source_probe_summary.json,,,true,RETAINED_LOCAL,,
phase10b3_S6_ask39_shortqa.zip,submissions/10_SUBMITTED_VALID/phase10b3_S6_ask39_shortqa.zip,Phase 10B3,phase10b3_S6_ask39_shortqa,,,SUBMITTED_VALID,true,0.0001,0.0001,0.0001,35c54bee40790ac1fb9ed04cbccf7c5aa58dee57fe6d6c7424866207fbd33da3,14754064,2026-10-05T23:49:47+07:00,artifacts/phase10b3_source_probe/source_probe_summary.json,,,true,RETAINED_LOCAL,,
phase10c1_C1_S4_5k.zip,submissions/10_SUBMITTED_VALID/phase10c1_C1_S4_5k.zip,Phase 10C1,phase10c1_C1_S4_5k,,5000,SUBMITTED_VALID,true,0.0014,0.0014,0.0014,7c9153919d02be99484c2f72aba82b5d3d7191a5eef5589f4b73690be39aa3d5,21626152,2026-10-06T13:14:17+07:00,,,,true,RETAINED_LOCAL,,
phase10c1_C2_S2_5k.zip,submissions/10_SUBMITTED_VALID/phase10c1_C2_S2_5k.zip,Phase 10C1,phase10c1_C2_S2_5k,,5000,SUBMITTED_VALID,true,0.0002,0.0003,0.0002,31082f1b9f07ec600b70082a716b5879d98f53fa974c5c522a6034edfe9acbb4,14752727,2026-10-06T14:59:57+07:00,,,,true,RETAINED_LOCAL,,
phase10d_DEPTH1000_FIXED_G1A.zip,submissions/10_SUBMITTED_VALID/phase10d_DEPTH1000_FIXED_G1A.zip,Phase 10D depth1000,phase10d_DEPTH1000_FIXED_G1A,G1A,1000,SUBMITTED_VALID,true,0.0062,0.0063,0.0061,2b9034fe452c66bc3e8539317dd28d501c388aa14c0dcf5ddfbc301d25d6ecfb,23022772,2026-10-08T14:41:24+07:00,artifacts/source_census/depth1000_fixed_report.json,artifacts/validation/phase10d_depth1000_fixed_pre_submit_audit.json,,true,RETAINED_LOCAL,,
phase10d_DEPTH1000_FIXED_G5A.zip,submissions/10_SUBMITTED_VALID/phase10d_DEPTH1000_FIXED_G5A.zip,Phase 10D depth1000,phase10d_DEPTH1000_FIXED_G5A,G5A,1000,SUBMITTED_VALID,true,0.0037,0.0035,0.0038,a5b63abcb5049b7809c897b3e4400af2224305b1ba12057104dc2482adf16353,21820402,2026-10-08T14:42:36+07:00,artifacts/source_census/depth1000_fixed_report.json,artifacts/validation/phase10d_depth1000_fixed_pre_submit_audit.json,,true,RETAINED_LOCAL,,
phase10d_DEPTH1000_FIXED_G6B.zip,submissions/10_SUBMITTED_VALID/phase10d_DEPTH1000_FIXED_G6B.zip,Phase 10D depth1000,phase10d_DEPTH1000_FIXED_G6B,G6B,1000,SUBMITTED_VALID,true,0.0045,0.0046,0.0043,01555bd9368ba74c353c6c806ae69e799a09dea797484d5eebc4af7649d5b377,20880664,2026-10-08T14:44:34+07:00,artifacts/source_census/depth1000_fixed_report.json,artifacts/validation/phase10d_depth1000_fixed_pre_submit_audit.json,,true,RETAINED_LOCAL,,
phase10d_R1_group_A.zip,submissions/10_SUBMITTED_VALID/phase10d_R1_group_A.zip,Phase 10D Round 1,phase10d_R1_group_A,group_A,,SUBMITTED_VALID,true,0.0016,0.0017,0.0015,7b0f3819899d22a1e5fb1bce51abf8aabaf1edc320a926c25544a6237dc94f9f,25445335,2026-10-07T07:01:07+07:00,artifacts/source_census/round1_report.json,,,true,RETAINED_LOCAL,,
phase10d_R1_group_B.zip,submissions/10_SUBMITTED_VALID/phase10d_R1_group_B.zip,Phase 10D Round 1,phase10d_R1_group_B,group_B,,SUBMITTED_VALID,true,0.0008,0.0009,0.0007,8d1caebfed3e2dce8cb896efed9a036474bce0af525ebc62902f882debf0e00d,24149788,2026-10-07T07:02:12+07:00,artifacts/source_census/round1_report.json,,,true,RETAINED_LOCAL,,
phase10d_R1_group_C.zip,submissions/10_SUBMITTED_VALID/phase10d_R1_group_C.zip,Phase 10D Round 1,phase10d_R1_group_C,group_C,,SUBMITTED_VALID,true,0.0017,0.0017,0.0018,341ced8f1b298d4a11a6479b01d965c1757110f5e50f59e95a2ef1bc7aac019f,23311509,2026-10-07T07:03:34+07:00,artifacts/source_census/round1_report.json,,,true,RETAINED_LOCAL,,
phase10d_R2_group_1.zip,submissions/10_SUBMITTED_VALID/phase10d_R2_group_1.zip,Phase 10D Round 2,phase10d_R2_group_1,group_1,,SUBMITTED_VALID,true,0.0008,0.0008,0.0009,b9c5fee03139418ab9839118893e3f9d6e56659564504baacbb93f434614d9fc,21364521,2026-10-07T07:44:02+07:00,artifacts/source_census/round2_report.json,,,true,RETAINED_LOCAL,,
phase10d_R2_group_2.zip,submissions/10_SUBMITTED_VALID/phase10d_R2_group_2.zip,Phase 10D Round 2,phase10d_R2_group_2,group_2,,SUBMITTED_VALID,true,0.0004,0.0005,0.0004,d1aaab835c4ba67aeabe41aee933c77cdd831292cb6e53ea833f8e56ceeab770,19418943,2026-10-07T07:45:00+07:00,artifacts/source_census/round2_report.json,,,true,RETAINED_LOCAL,,
phase10d_R2_group_3.zip,submissions/10_SUBMITTED_VALID/phase10d_R2_group_3.zip,Phase 10D Round 2,phase10d_R2_group_3,group_3,,SUBMITTED_VALID,true,0.0003,0.0003,0.0003,345711566c81778c066a72ec90d867746430ca1f71526dd63689fa0eb043d714,18289139,2026-10-07T07:45:53+07:00,artifacts/source_census/round2_report.json,,,true,RETAINED_LOCAL,,
phase10d_R2_group_4.zip,submissions/10_SUBMITTED_VALID/phase10d_R2_group_4.zip,Phase 10D Round 2,phase10d_R2_group_4,group_4,,SUBMITTED_VALID,true,0.0002,0.0002,0.0002,c7587add66cf2ee638771a2b1b1be6c6c8956838c0ade74b2a6b71d8853ff439,18914613,2026-10-07T07:46:53+07:00,artifacts/source_census/round2_report.json,,,true,RETAINED_LOCAL,,
phase10d_R2_group_5.zip,submissions/10_SUBMITTED_VALID/phase10d_R2_group_5.zip,Phase 10D Round 2,phase10d_R2_group_5,group_5,,SUBMITTED_VALID,true,0.0011,0.0011,0.0011,ed51f666fe77a406cc95b8f7a9cc447ab690f3b90ee1ae8434705a76416ae818,20839531,2026-10-07T08:27:21+07:00,artifacts/source_census/round2_report.json,,,true,RETAINED_LOCAL,,
phase10d_R2_group_6.zip,submissions/10_SUBMITTED_VALID/phase10d_R2_group_6.zip,Phase 10D Round 2,phase10d_R2_group_6,group_6,,SUBMITTED_VALID,true,0.0009,0.0010,0.0009,ea0e51c8f61797b9e0d76737192ffa13ddce08dd3d7ecc3a4d990f4412882a60,19739106,2026-10-07T08:28:34+07:00,artifacts/source_census/round2_report.json,,,true,RETAINED_LOCAL,,
phase10d_R2_group_7.zip,submissions/10_SUBMITTED_VALID/phase10d_R2_group_7.zip,Phase 10D Round 2,phase10d_R2_group_7,group_7,,SUBMITTED_VALID,true,0.0002,0.0002,0.0002,117744636eed45486049c1a3fb6fec94a82366acd235baf7864a17e3bf448075,18993837,2026-10-07T08:29:32+07:00,artifacts/source_census/round2_report.json,,,true,RETAINED_LOCAL,,
phase10d_R3_G1A.zip,submissions/10_SUBMITTED_VALID/phase10d_R3_G1A.zip,Phase 10D Round 3,phase10d_R3_G1A,G1A,,SUBMITTED_VALID,true,0.0008,0.0008,0.0008,e8409db053669abf992f7a199ab32f63eb606448b0ed000f71029a3d17971f9a,19688032,2026-10-07T19:19:11+07:00,artifacts/source_census/round3_report.json,,,true,RETAINED_LOCAL,,
phase10d_R3_G5A.zip,submissions/10_SUBMITTED_VALID/phase10d_R3_G5A.zip,Phase 10D Round 3,phase10d_R3_G5A,G5A,,SUBMITTED_VALID,true,0.0009,0.0009,0.0010,f8df86e9fd58fcc930332fa3f8f036ebcfc491313d0971293e1d888e894a3cfd,18972065,2026-10-07T19:21:13+07:00,artifacts/source_census/round3_report.json,,,true,RETAINED_LOCAL,,
phase10d_R3_G6B.zip,submissions/10_SUBMITTED_VALID/phase10d_R3_G6B.zip,Phase 10D Round 3,phase10d_R3_G6B,G6B,,SUBMITTED_VALID,true,0.0008,0.0009,0.0008,29bc8f7f907c7e933379de72bff13083cf277ba4dd43c3e12aa9549f768ab04b,17938094,2026-10-07T19:24:43+07:00,artifacts/source_census/round3_report.json,,,true,RETAINED_LOCAL,,
phase10e_G5A_11200.zip,submissions/10_SUBMITTED_VALID/phase10e_G5A_11200.zip,Phase 10E,phase10e_G5A_11200,G5A,11200,SUBMITTED_VALID,true,0.0085,0.0085,0.0086,6881d21914aa44e307254f352354439077426f043c0e6f8c4d4f2afea12fb635,22678789,2026-10-09T03:36:14+07:00,artifacts/source_census/phase10e_g5a_11200_report.json,artifacts/validation/phase10e_g5a_11200_pre_submit_audit.json,,true,RETAINED_LOCAL,,
phase9_A_pure_best_chunk.zip,submissions/10_SUBMITTED_VALID/phase9_A_pure_best_chunk.zip,Phase 9,phase9_A_pure_best_chunk,,,SUBMITTED_VALID,true,0.0001,0.0001,0.0001,341b968c42969ef3a2f0f7bb4164420a6e75ad55c2f55c5b386d76a340f805a3,18010946,2026-10-05T00:53:14+07:00,artifacts/phase9_submission/submission_manifest.json,,,true,RETAINED_LOCAL,,
phase10a_E1_docs20.zip,submissions/30_SUPERSEDED_VALID/phase10a_E1_docs20.zip,Phase 10A,phase10a_E1_docs20,,,SUPERSEDED_VALID,,,,,c9216f1bb40b09cd1dfb98c6b0bc67c16de014aa35a79633d99dc88921173318,18080783,2026-10-05T01:43:49+07:00,artifacts/phase10a_calibration/manifest.json,,Structurally valid historical variant superseded by later experiments.,true,RETAINED_LOCAL,,
phase10a_E2_docs50.zip,submissions/30_SUPERSEDED_VALID/phase10a_E2_docs50.zip,Phase 10A,phase10a_E2_docs50,,,SUPERSEDED_VALID,,,,,7615681a43ac0226de60e421867132d03cf209142157c88fb097df1a01ad5a3e,18210413,2026-10-05T01:44:19+07:00,artifacts/phase10a_calibration/manifest.json,,Structurally valid historical variant superseded by later experiments.,true,RETAINED_LOCAL,,
phase10a_E3_docs_max.zip,submissions/30_SUPERSEDED_VALID/phase10a_E3_docs_max.zip,Phase 10A,phase10a_E3_docs_max,,,SUPERSEDED_VALID,,,,,591412e484c98e21047c5f7e4b0285245bbdc90be32038443f957f6d6292537c,18218128,2026-10-05T01:44:44+07:00,artifacts/phase10a_calibration/manifest.json,,Structurally valid historical variant superseded by later experiments.,true,RETAINED_LOCAL,,
phase10a_E4_chunks20.zip,submissions/30_SUPERSEDED_VALID/phase10a_E4_chunks20.zip,Phase 10A,phase10a_E4_chunks20,,,SUPERSEDED_VALID,,,,,37b19da04a8a0cb4ddd6e90e6ba49a5039eb3893347e5b496ca201d271085142,7733534,2026-10-05T01:44:56+07:00,artifacts/phase10a_calibration/manifest.json,,Structurally valid historical variant superseded by later experiments.,true,RETAINED_LOCAL,,
phase10a_E5_chunks_more.zip,submissions/30_SUPERSEDED_VALID/phase10a_E5_chunks_more.zip,Phase 10A,phase10a_E5_chunks_more,,,SUPERSEDED_VALID,,,,,9e17c5be726d8fa32091e9305716f09fc06b7e5a9d8b96c408a888fbaa04dcad,35892782,2026-10-05T01:45:14+07:00,artifacts/phase10a_calibration/manifest.json,,Structurally valid historical variant superseded by later experiments.,true,RETAINED_LOCAL,,
phase10a_E6_chunk_expand_768.zip,submissions/30_SUPERSEDED_VALID/phase10a_E6_chunk_expand_768.zip,Phase 10A,phase10a_E6_chunk_expand_768,,,SUPERSEDED_VALID,,,,,49e9b029e00fe47c7364f0d782f454c18c9b7157fa3fc619bf60e77558ebb500,29347016,2026-10-05T01:46:16+07:00,artifacts/phase10a_calibration/manifest.json,,Structurally valid historical variant superseded by later experiments.,true,RETAINED_LOCAL,,
phase10a_E7_chunk_expand_1024.zip,submissions/30_SUPERSEDED_VALID/phase10a_E7_chunk_expand_1024.zip,Phase 10A,phase10a_E7_chunk_expand_1024,,,SUPERSEDED_VALID,,,,,61fd1c0489a29540b136fae16e4349be49a30e13c6e9229c7cb767aa16c03291,35020094,2026-10-05T01:47:08+07:00,artifacts/phase10a_calibration/manifest.json,,Structurally valid historical variant superseded by later experiments.,true,RETAINED_LOCAL,,
phase10a_E8_hybrid.zip,submissions/30_SUPERSEDED_VALID/phase10a_E8_hybrid.zip,Phase 10A,phase10a_E8_hybrid,,,SUPERSEDED_VALID,,,,,4453d71fdc980d90b361c3bfcf2589d4571afcc71b262886944f1a7a7ce9c372,18711378,2026-10-05T01:47:23+07:00,artifacts/phase10a_calibration/manifest.json,,Structurally valid historical variant superseded by later experiments.,true,RETAINED_LOCAL,,
phase10a_E9_sparse.zip,submissions/30_SUPERSEDED_VALID/phase10a_E9_sparse.zip,Phase 10A,phase10a_E9_sparse,,,SUPERSEDED_VALID,,,,,e235dde15062f4b7ee9668b56f60ac95fcab94d10f8434c5b63bca848bf116ef,18077364,2026-10-05T01:47:37+07:00,artifacts/phase10a_calibration/manifest.json,,Structurally valid historical variant superseded by later experiments.,true,RETAINED_LOCAL,,
phase10d_R3_G1B.zip,submissions/30_SUPERSEDED_VALID/phase10d_R3_G1B.zip,Phase 10D Round 3,phase10d_R3_G1B,G1B,,SUPERSEDED_VALID,,,,,26b5013003aa3fe4780c067b804b1b264f1c9144fdca88cb6a35220879c8eb98,17806563,2026-10-07T19:20:10+07:00,artifacts/source_census/round3_report.json,,Structurally valid historical variant superseded by later experiments.,true,RETAINED_LOCAL,,
phase10d_R3_G5B.zip,submissions/30_SUPERSEDED_VALID/phase10d_R3_G5B.zip,Phase 10D Round 3,phase10d_R3_G5B,G5B,,SUPERSEDED_VALID,,,,,42ec6c53790720dfec36fc280174fc9b3a659e86778422bc13d807e9aaa596a2,17754519,2026-10-07T19:22:09+07:00,artifacts/source_census/round3_report.json,,Structurally valid historical variant superseded by later experiments.,true,RETAINED_LOCAL,,
phase10d_R3_G6A.zip,submissions/30_SUPERSEDED_VALID/phase10d_R3_G6A.zip,Phase 10D Round 3,phase10d_R3_G6A,G6A,,SUPERSEDED_VALID,,,,,06d1e9e52c6abaf78dc018aee27128d0c88822fb4db7bdec4ba3d58009557a8e,17824406,2026-10-07T19:23:09+07:00,artifacts/source_census/round3_report.json,,Structurally valid historical variant superseded by later experiments.,true,RETAINED_LOCAL,,
phase9_B_pure_top3_mean.zip,submissions/30_SUPERSEDED_VALID/phase9_B_pure_top3_mean.zip,Phase 9,phase9_B_pure_top3_mean,,,SUPERSEDED_VALID,,,,,5cd65f11ee9dc665ad44514e47b68e934c93a419e1d4f4ce38c82292cee650f3,18011273,2026-10-05T00:53:24+07:00,artifacts/phase9_submission/submission_manifest.json,,Structurally valid historical variant superseded by later experiments.,false,INTENTIONALLY_PURGED,2026-10-09T18:02:09+07:00,Approved local storage cleanup; superseded unsubmitted package; byte metadata and generation report retained.
phase9_C_max3_best_chunk.zip,submissions/30_SUPERSEDED_VALID/phase9_C_max3_best_chunk.zip,Phase 9,phase9_C_max3_best_chunk,,,SUPERSEDED_VALID,,,,,304f691787a4772f198eb28dcd1fb366874bd2b550ef1fb8fff04e2d77e05bde,23134636,2026-10-05T00:53:32+07:00,artifacts/phase9_submission/submission_manifest.json,,Structurally valid historical variant superseded by later experiments.,false,INTENTIONALLY_PURGED,2026-10-09T18:02:09+07:00,Approved local storage cleanup; superseded unsubmitted package; byte metadata and generation report retained.
phase9_D_controlled_best_chunk.zip,submissions/30_SUPERSEDED_VALID/phase9_D_controlled_best_chunk.zip,Phase 9,phase9_D_controlled_best_chunk,,,SUPERSEDED_VALID,,,,,4ecfa3c365a8c4a24465917a3f5bc53eac49408ea73e234341ac66b1b47ba5d3,24290901,2026-10-05T00:53:42+07:00,artifacts/phase9_submission/submission_manifest.json,,Structurally valid historical variant superseded by later experiments.,false,INTENTIONALLY_PURGED,2026-10-09T18:02:09+07:00,Approved local storage cleanup; superseded unsubmitted package; byte metadata and generation report retained.
phase10d_DEPTH1000_G1A.zip,submissions/90_INVALID_DO_NOT_SUBMIT/phase10d_DEPTH1000_G1A.zip,Phase 10D depth1000,phase10d_DEPTH1000_G1A,G1A,1000,INVALID_DO_NOT_SUBMIT,true,0.0002,0.0002,0.0001,1ea04e8cb6993c49bc7e03034f8f328f935f70efe80c42f51bdcdcd2cebf8d49,15022033,2026-10-08T13:27:38+07:00,artifacts/source_census/depth1000_report.json,,Scientifically invalid or explicit smoke artifact; never upload.,false,INTENTIONALLY_PURGED,2026-10-09T18:02:09+07:00,"Approved local storage cleanup; invalid cache-corruption package; byte metadata, organizer history, and report retained."
phase10d_DEPTH1000_G5A.zip,submissions/90_INVALID_DO_NOT_SUBMIT/phase10d_DEPTH1000_G5A.zip,Phase 10D depth1000,phase10d_DEPTH1000_G5A,G5A,1000,INVALID_DO_NOT_SUBMIT,true,0.0002,,,82f939a0020b905a64657cbabda0103400a590c67fc26eb37963202e69023ac0,15023779,2026-10-08T13:28:21+07:00,artifacts/source_census/depth1000_report.json,,Scientifically invalid or explicit smoke artifact; never upload.,false,INTENTIONALLY_PURGED,2026-10-09T18:02:09+07:00,"Approved local storage cleanup; invalid cache-corruption package; byte metadata, organizer history, and report retained."
phase10d_DEPTH1000_G6B.zip,submissions/90_INVALID_DO_NOT_SUBMIT/phase10d_DEPTH1000_G6B.zip,Phase 10D depth1000,phase10d_DEPTH1000_G6B,G6B,1000,INVALID_DO_NOT_SUBMIT,true,0.0001,,,330176c0337b185500b90d7744986dafb0db3cfca2e48be49a533d9d45bc26ad,15019685,2026-10-08T13:29:06+07:00,artifacts/source_census/depth1000_report.json,,Scientifically invalid or explicit smoke artifact; never upload.,false,INTENTIONALLY_PURGED,2026-10-09T18:02:09+07:00,"Approved local storage cleanup; invalid cache-corruption package; byte metadata, organizer history, and report retained."
