doc_id,domain,sampling_categories,original_url,fetch_url,final_url,status,http_status,content_type,declared_http_encoding,declared_meta_encoding,detected_encoding,client_encoding,selected_encoding,response_size_bytes,downloaded_bytes,body_truncated,redirect_count,elapsed_ms,title,basic_text_length,language_signal,template_classification,robots_allowed,robots_status,anti_bot_signals,error_type,error_message
996976,120ask.com,top_120ask,http://www.120ask.com/question/108464439.htm,http://www.120ask.com/question/108464439.htm,https://www.120ask.com/question/108464439.htm,SUCCESS,200,text/html,utf-8,utf-8,utf-8,utf-8,utf-8,61131,61131,False,1,3961,吃优思明避孕药避孕问题_有问必答_快速问医生,1830,zh-Han-script,Q_AND_A_TEMPLATE,True,200,,,
1069640,120ask.com,top_120ask,http://www.120ask.com/question/14503905.htm,http://www.120ask.com/question/14503905.htm,https://www.120ask.com/question/14503905.htm,SUCCESS,200,text/html,utf-8,utf-8,utf-8,utf-8,utf-8,63138,63138,False,1,6149,脸爱红呼吸困难_有问必答_快速问医生,2060,zh-Han-script,Q_AND_A_TEMPLATE,True,200,,,
1154945,120ask.com,top_120ask,http://www.120ask.com/question/228486.htm,http://www.120ask.com/question/228486.htm,https://www.120ask.com/question/228486.htm,SUCCESS,200,text/html,utf-8,utf-8,utf-8,utf-8,utf-8,52387,52387,False,1,7021,脸上生斑，不知道怎么办？_有问必答_快速问医生,1671,zh-Han-script,Q_AND_A_TEMPLATE,True,200,,,
1290100,120ask.com,top_120ask,http://www.120ask.com/question/4993186.htm,http://www.120ask.com/question/4993186.htm,https://www.120ask.com/question/4993186.htm,SUCCESS,200,text/html,utf-8,utf-8,utf-8,utf-8,utf-8,64847,64847,False,1,9041,"是头上长虱子,很痒,会传染.._有问必答_快速问医生",2176,zh-Han-script,Q_AND_A_TEMPLATE,True,200,,,
1321117,120ask.com,top_120ask,http://www.120ask.com/question/61224148.htm,http://www.120ask.com/question/61224148.htm,https://www.120ask.com/question/61224148.htm,SUCCESS,200,text/html,utf-8,utf-8,utf-8,utf-8,utf-8,59812,59812,False,1,11057,两个膝盖疼，是不是风湿性关节炎_有问必答_快速问医生,2091,zh-Han-script,Q_AND_A_TEMPLATE,True,200,,,
1326791,120ask.com,top_120ask,http://www.120ask.com/question/626599.htm,http://www.120ask.com/question/626599.htm,https://www.120ask.com/question/626599.htm,SUCCESS,200,text/html,utf-8,utf-8,utf-8,utf-8,utf-8,62599,62599,False,1,14281,"脚扭伤多年后触摸还是疼痛或跑步后感觉不适,五年平常的走路还是没有什么问题_有问必答_快速问医生",2016,zh-Han-script,Q_AND_A_TEMPLATE,True,200,,,
2908584,120ask.com,top_120ask,https://www.120ask.com/question/6084318.htm,https://www.120ask.com/question/6084318.htm,https://www.120ask.com/question/6084318.htm,SUCCESS,200,text/html,utf-8,utf-8,utf-8,utf-8,utf-8,66634,66634,False,0,10963,孩子经常发烧_有问必答_快速问医生,2234,zh-Han-script,Q_AND_A_TEMPLATE,True,200,,,
2927619,120ask.com,top_120ask,https://www.120ask.com/question/65722643.htm,https://www.120ask.com/question/65722643.htm,https://www.120ask.com/question/65722643.htm,SUCCESS,200,text/html,utf-8,utf-8,utf-8,utf-8,utf-8,63905,63905,False,0,12929,舟状骨大多角骨坏死术后13周_有问必答_快速问医生,2179,zh-Han-script,Q_AND_A_TEMPLATE,True,200,,,
3002938,a-hospital.com,top_ahospital,https://www.a-hospital.com/w/%E4%BB%81%E6%96%8B%E7%9B%B4%E6%8C%87,https://www.a-hospital.com/w/%E4%BB%81%E6%96%8B%E7%9B%B4%E6%8C%87,https://www.a-hospital.com/w/%E4%BB%81%E6%96%8B%E7%9B%B4%E6%8C%87,SUCCESS,200,text/html,utf-8,utf-8,utf-8,utf-8,utf-8,34802,34802,False,0,566,仁斋直指 - A+医学百科,1492,zh-Han-script,GENERIC_STATIC_HTML,True,200,,,
3015464,a-hospital.com,top_ahospital,https://www.a-hospital.com/w/%E5%8C%BB%E5%AD%A6%E5%BD%B1%E5%83%8F%E5%AD%A6/%E5%BF%83%E4%B8%8E%E5%A4%A7%E8%A1%80%E7%AE%A1CT%E8%AF%8A%E6%96%AD,https://www.a-hospital.com/w/%E5%8C%BB%E5%AD%A6%E5%BD%B1%E5%83%8F%E5%AD%A6/%E5%BF%83%E4%B8%8E%E5%A4%A7%E8%A1%80%E7%AE%A1CT%E8%AF%8A%E6%96%AD,https://www.a-hospital.com/w/%E5%8C%BB%E5%AD%A6%E5%BD%B1%E5%83%8F%E5%AD%A6/%E5%BF%83%E4%B8%8E%E5%A4%A7%E8%A1%80%E7%AE%A1CT%E8%AF%8A%E6%96%AD,SUCCESS,200,text/html,utf-8,utf-8,utf-8,utf-8,utf-8,26780,26780,False,0,767,医学影像学/心与大血管CT诊断 - A+医学百科,1700,zh-Han-script,GENERIC_STATIC_HTML,True,200,,,
3023996,a-hospital.com,top_ahospital,https://www.a-hospital.com/w/%E5%90%91%E5%A4%A9%E8%9C%88%E8%9A%A3,https://www.a-hospital.com/w/%E5%90%91%E5%A4%A9%E8%9C%88%E8%9A%A3,https://www.a-hospital.com/w/%E5%90%91%E5%A4%A9%E8%9C%88%E8%9A%A3,SUCCESS,200,text/html,utf-8,utf-8,utf-8,utf-8,utf-8,45461,45461,False,0,1102,"向天蜈蚣,向天蜈蚣的功效与作用_中药向天蜈蚣_向天蜈蚣是什么_向天蜈蚣的用法用量_A+医学百科",2900,zh-Han-script,GENERIC_STATIC_HTML,True,200,,,
3029890,a-hospital.com,top_ahospital,https://www.a-hospital.com/w/%E5%9F%B9%E6%A4%8D%E7%89%9B%E9%BB%84,https://www.a-hospital.com/w/%E5%9F%B9%E6%A4%8D%E7%89%9B%E9%BB%84,https://www.a-hospital.com/w/%E5%9F%B9%E6%A4%8D%E7%89%9B%E9%BB%84,SUCCESS,200,text/html,utf-8,utf-8,utf-8,utf-8,utf-8,26508,26508,False,0,1325,培植牛黄 - A+医学百科,3079,zh-Han-script,GENERIC_STATIC_HTML,True,200,,,
3030187,a-hospital.com,top_ahospital,https://www.a-hospital.com/w/%E5%9F%BA%E7%A1%80%E6%A3%80%E9%AA%8C%E5%AD%A6/%E7%B2%AA%E4%BE%BF%E4%B8%80%E8%88%AC%E6%80%A7%E7%8A%B6%E6%A3%80%E6%9F%A5,https://www.a-hospital.com/w/%E5%9F%BA%E7%A1%80%E6%A3%80%E9%AA%8C%E5%AD%A6/%E7%B2%AA%E4%BE%BF%E4%B8%80%E8%88%AC%E6%80%A7%E7%8A%B6%E6%A3%80%E6%9F%A5,https://www.a-hospital.com/w/%E5%9F%BA%E7%A1%80%E6%A3%80%E9%AA%8C%E5%AD%A6/%E7%B2%AA%E4%BE%BF%E4%B8%80%E8%88%AC%E6%80%A7%E7%8A%B6%E6%A3%80%E6%9F%A5,SUCCESS,200,text/html,utf-8,utf-8,utf-8,utf-8,utf-8,33774,33774,False,0,1935,基础检验学/粪便一般性状检查 - A+医学百科,2994,zh-Han-script,GENERIC_STATIC_HTML,True,200,,,
3094661,a-hospital.com,top_ahospital,https://www.a-hospital.com/w/%E7%96%AB%E5%96%89,https://www.a-hospital.com/w/%E7%96%AB%E5%96%89,https://www.a-hospital.com/w/%E7%96%AB%E5%96%89,SUCCESS,200,text/html,utf-8,utf-8,utf-8,utf-8,utf-8,24552,24552,False,0,2022,疫喉 - A+医学百科,1012,zh-Han-script,GENERIC_STATIC_HTML,True,200,,,
3108065,a-hospital.com,top_ahospital,https://www.a-hospital.com/w/%E7%BA%BF%E6%80%A7%E5%85%B3%E7%B3%BB,https://www.a-hospital.com/w/%E7%BA%BF%E6%80%A7%E5%85%B3%E7%B3%BB,https://www.a-hospital.com/w/%E7%BA%BF%E6%80%A7%E5%85%B3%E7%B3%BB,SUCCESS,200,text/html,utf-8,utf-8,utf-8,utf-8,utf-8,18667,18667,False,0,2331,线性关系 - A+医学百科,1327,zh-Han-script,GENERIC_STATIC_HTML,True,200,,,
3125816,a-hospital.com,top_ahospital,https://www.a-hospital.com/w/%E8%92%B2%E5%85%AC%E8%8B%B1,https://www.a-hospital.com/w/%E8%92%B2%E5%85%AC%E8%8B%B1,https://www.a-hospital.com/w/%E8%92%B2%E5%85%AC%E8%8B%B1,SUCCESS,200,text/html,utf-8,utf-8,utf-8,utf-8,utf-8,110620,110620,False,0,3293,"蒲公英,蒲公英的功效与作用_中药蒲公英_蒲公英是什么_蒲公英的用法用量_A+医学百科",18564,zh-Han-script,GENERIC_STATIC_HTML,True,200,,,
2171356,ask.39.net,top_ask39,https://ask.39.net/question/106379717.html,https://ask.39.net/question/106379717.html,https://ask.39.net/question/106379717.html,SUCCESS,200,text/html,utf-8,utf-8,utf-8,utf-8,utf-8,48100,48100,False,0,4459,自然流产后同房可以吃避孕药吗_39问医生_39健康网,1914,zh-Han-script,Q_AND_A_TEMPLATE,True,404,,,
2191542,ask.39.net,top_ask39,https://ask.39.net/question/112881224.html,https://ask.39.net/question/112881224.html,https://ask.39.net/question/112881224.html,SUCCESS,200,text/html,utf-8,utf-8,utf-8,utf-8,utf-8,51727,51727,False,0,6120,高钙血症肾病的症状_39问医生_39健康网,2220,zh-Han-script,Q_AND_A_TEMPLATE,True,404,,,
2213905,ask.39.net,top_ask39,https://ask.39.net/question/22423825.html,https://ask.39.net/question/22423825.html,https://ask.39.net/question/22423825.html,SUCCESS,200,text/html,utf-8,utf-8,utf-8,utf-8,utf-8,46197,46197,False,0,18439,在南阳，治疗射精功能障碍的地方多吗？这_39问医生_39健康网,1613,zh-Han-script,Q_AND_A_TEMPLATE,True,404,,,
2219069,ask.39.net,top_ask39,https://ask.39.net/question/25873655.html,https://ask.39.net/question/25873655.html,https://ask.39.net/question/25873655.html,SUCCESS,200,text/html,utf-8,utf-8,utf-8,utf-8,utf-8,48056,48056,False,0,19341,小便时发现上面飘着一层像油一样的油光，_39问医生_39健康网,1679,zh-Han-script,Q_AND_A_TEMPLATE,True,404,,,
2419888,ask.39.net,top_ask39,https://ask.39.net/question/_9pfrtj.html,https://ask.39.net/question/_9pfrtj.html,https://ask.39.net/question/_9pfrtj.html,SUCCESS,200,text/html,utf-8,utf-8,utf-8,utf-8,utf-8,46140,46140,False,0,20728,吃钙片一定要吃维生素D吗_39问医生_39健康网,2066,zh-Han-script,Q_AND_A_TEMPLATE,True,404,,,
2425409,ask.39.net,top_ask39,https://ask.39.net/question/_bydwc5.html,https://ask.39.net/question/_bydwc5.html,https://ask.39.net/question/_bydwc5.html,SUCCESS,200,text/html,utf-8,utf-8,utf-8,utf-8,utf-8,45235,45235,False,0,20299,乳腺结核能不能喝牛奶粉_39问医生_39健康网,1528,zh-Han-script,Q_AND_A_TEMPLATE,True,404,,,
2435499,ask.39.net,top_ask39,https://ask.39.net/question/_h27ab5.html,https://ask.39.net/question/_h27ab5.html,https://ask.39.net/question/_h27ab5.html,SUCCESS,200,text/html,utf-8,utf-8,utf-8,utf-8,utf-8,44775,44775,False,0,18776,腹腔肺吸虫病能不能喝酒_39问医生_39健康网,1476,zh-Han-script,Q_AND_A_TEMPLATE,True,404,,,
2458650,ask.39.net,top_ask39,https://ask.39.net/question/_tq64x5.html,https://ask.39.net/question/_tq64x5.html,https://ask.39.net/question/_tq64x5.html,SUCCESS,200,text/html,utf-8,utf-8,utf-8,utf-8,utf-8,47669,47669,False,0,23266,面部整形垫下巴矫正手术有哪些特点_39问医生_39健康网,2110,zh-Han-script,Q_AND_A_TEMPLATE,True,404,,,
1431983,cnkang.com,top_cnkang,http://www.cnkang.com/dise/160/811555.html,http://www.cnkang.com/dise/160/811555.html,https://www.cnkang.com/dise/160/811555.html,SUCCESS,200,text/html,utf-8,utf-8,utf-8,utf-8,utf-8,54214,54214,False,1,2062,预防2型糖尿病的一级措施是什么_中华康网,3528,zh-Han-script,GENERIC_STATIC_HTML,True,200,,,
1456969,cnkang.com,feature_http_redirect,http://www.cnkang.com/dise/219/83007.html,http://www.cnkang.com/dise/219/83007.html,https://www.cnkang.com/dise/219/83007.html,SUCCESS,200,text/html,utf-8,utf-8,utf-8,utf-8,utf-8,54435,54435,False,1,1171,如何做好红斑狼疮的护理工作_中华康网,3616,zh-Han-script,GENERIC_STATIC_HTML,True,200,,,
1671555,cnkang.com,top_cnkang,http://www.cnkang.com/dzjk/201102/33990.html,http://www.cnkang.com/dzjk/201102/33990.html,https://www.cnkang.com/dzjk/201102/33990.html,SUCCESS,200,text/html,,gb2312,gb2312,utf-8,gb2312,15574,15574,False,1,1565,谨防对中风的几种误解_老年脑血栓_中华康网,1404,zh-Han-script,GENERIC_STATIC_HTML,True,200,,,
1736785,cnkang.com,top_cnkang,http://www.cnkang.com/jibing/byazl/648210.html,http://www.cnkang.com/jibing/byazl/648210.html,https://www.cnkang.com/jibing/byazl/648210.html,SUCCESS,200,text/html,,gb2312,gb2312,utf-8,gb2312,14035,14035,False,1,2280,鼻咽癌的淋巴转移的淋巴是否肿大？疼吗？会动吗？_鼻咽癌治疗_中华康网,475,zh-Han-script,UNKNOWN,True,200,,,
1738682,cnkang.com,top_cnkang,http://www.cnkang.com/jibing/danguanai/241406.html,http://www.cnkang.com/jibing/danguanai/241406.html,https://www.cnkang.com/jibing/danguanai/241406.html,SUCCESS,200,text/html,,gb2312,gb2312,utf-8,gb2312,16131,16131,False,1,4760,胆管癌应要吃什么_胆管癌_中华康网,1394,zh-Han-script,UNKNOWN,True,200,,,
1856809,cnkang.com,top_cnkang,http://www.cnkang.com/nkwk/bgzz/209821.html,http://www.cnkang.com/nkwk/bgzz/209821.html,https://www.cnkang.com/nkwk/bgzz/209821.html,SUCCESS,200,text/html,,gb2312,gb2312,utf-8,gb2312,15139,15139,False,1,6276,丙肝临床诊断_丙肝症状_中华康网,1011,zh-Han-script,UNKNOWN,True,200,,,
1949313,cnkang.com,feature_http_redirect,http://www.cnkang.com/nxjk/201012/5897.html,http://www.cnkang.com/nxjk/201012/5897.html,https://www.cnkang.com/nxjk/201012/5897.html,SUCCESS,200,text/html,,gb2312,gb2312,utf-8,gb2312,8080,8080,False,1,8370,女性的接触欲比男性强_女性健康_中华康网,1817,zh-Han-script,GENERIC_STATIC_HTML,True,200,,,
3351606,cnkang.com,top_cnkang,https://www.cnkang.com/dise/602/381150.html,https://www.cnkang.com/dise/602/381150.html,https://www.cnkang.com/dise/602/381150.html,SUCCESS,200,text/html,utf-8,utf-8,utf-8,utf-8,utf-8,46248,46248,False,0,9269,小儿鹅口疮真的是复发不易治愈吗_中华康网,3611,zh-Han-script,GENERIC_STATIC_HTML,True,200,,,
3410616,cnkang.com,top_cnkang,https://www.cnkang.com/dzjk/201110/113868.html,https://www.cnkang.com/dzjk/201110/113868.html,https://www.cnkang.com/dzjk/201110/113868.html,SUCCESS,200,text/html,,gb2312,gb2312,utf-8,gb2312,15166,15166,False,0,10171,注意服新康泰克后别开车_常规用药_中华康网,1146,zh-Han-script,GENERIC_STATIC_HTML,True,200,,,
3476080,cnkang.com,top_cnkang,https://www.cnkang.com/myjk/201209/490622.html,https://www.cnkang.com/myjk/201209/490622.html,https://www.cnkang.com/myjk/201209/490622.html,SUCCESS,200,text/html,,gb2312,gb2312,utf-8,gb2312,14992,14992,False,0,10670,孩子共鸣能力完全在于妈妈_家庭教育_中华康网,2125,zh-Han-script,GENERIC_STATIC_HTML,True,200,,,
3639885,familydoctor.com.cn,top_familydoctor,https://www.familydoctor.com.cn/fuke/a/201611/1447178.html,https://www.familydoctor.com.cn/fuke/a/201611/1447178.html,https://www.familydoctor.com.cn/fuke/a/201611/1447178.html,SUCCESS,200,text/html,,utf-8,utf-8,utf-8,utf-8,16225,64759,False,0,2429,哪些子宫肌瘤情况会导致不孕 - 家庭医生在线妇产频道,4481,zh-Han-script,Q_AND_A_TEMPLATE,True,200,,,
3647879,familydoctor.com.cn,top_familydoctor,https://www.familydoctor.com.cn/fuke/a/201611/1464174.html,https://www.familydoctor.com.cn/fuke/a/201611/1464174.html,https://www.familydoctor.com.cn/fuke/a/201611/1464174.html,SUCCESS,200,text/html,,utf-8,utf-8,utf-8,utf-8,15770,63361,False,0,652,痛经不能吃什么 - 家庭医生在线妇产频道,4169,zh-Han-script,Q_AND_A_TEMPLATE,True,200,,,
3796399,familydoctor.com.cn,top_familydoctor,https://www.familydoctor.com.cn/lady/a/201310/518900.html,https://www.familydoctor.com.cn/lady/a/201310/518900.html,https://www.familydoctor.com.cn/lady/a/201310/518900.html,SUCCESS,200,text/html,,utf-8,utf-8,utf-8,utf-8,17038,65678,False,0,2882,滋阴圣品 女性不妨多吃四种蛋 - 家庭医生在线女人频道,5058,zh-Han-script,GENERIC_STATIC_HTML,True,200,,,
3819658,familydoctor.com.cn,top_familydoctor,https://www.familydoctor.com.cn/man/a/201911/2581994.html,https://www.familydoctor.com.cn/man/a/201911/2581994.html,https://www.familydoctor.com.cn/man/a/201911/2581994.html,SUCCESS,200,text/html,,utf-8,utf-8,utf-8,utf-8,16538,64487,False,0,2849,男人出现哪些异常时需要引起警惕？出现这5种异常要及时看医生 - 家庭医生在线男人频道,4720,zh-Han-script,GENERIC_STATIC_HTML,True,200,,,
3868637,familydoctor.com.cn,top_familydoctor,https://www.familydoctor.com.cn/sex/a/201701/1673068.html,https://www.familydoctor.com.cn/sex/a/201701/1673068.html,https://www.familydoctor.com.cn/sex/a/201701/1673068.html,SUCCESS,200,text/html,,utf-8,utf-8,utf-8,utf-8,16672,65192,False,0,2916,女性私处可以用纸巾擦吗？ 什么纸巾不能用来擦私处？ - 家庭医生在线两性频道,4848,zh-Han-script,GENERIC_STATIC_HTML,True,200,,,
3882639,familydoctor.com.cn,top_familydoctor,https://www.familydoctor.com.cn/shen/a/201710/2353298.html,https://www.familydoctor.com.cn/shen/a/201710/2353298.html,https://www.familydoctor.com.cn/shen/a/201710/2353298.html,SUCCESS,200,text/html,,utf-8,utf-8,utf-8,utf-8,16538,65454,False,0,3141,肾小球肾炎是怎样引起的？有哪些常见的伤肾坏习惯 - 家庭医生在线肾病科频道,4712,zh-Han-script,Q_AND_A_TEMPLATE,True,200,,,
3892711,familydoctor.com.cn,top_familydoctor,https://www.familydoctor.com.cn/tangniaobing/a/201703/1807906.html,https://www.familydoctor.com.cn/tangniaobing/a/201703/1807906.html,https://www.familydoctor.com.cn/tangniaobing/a/201703/1807906.html,SUCCESS,200,text/html,,utf-8,utf-8,utf-8,utf-8,15872,63651,False,0,3694,血糖正常但尿糖高是怎么回事? - 家庭医生在线糖尿病频道,4328,zh-Han-script,Q_AND_A_TEMPLATE,True,200,,,
3974170,familydoctor.com.cn,top_familydoctor,https://www.familydoctor.com.cn/yinshi/contents/201103/8211253161625.html,https://www.familydoctor.com.cn/yinshi/contents/201103/8211253161625.html,https://www.familydoctor.com.cn/yinshi/contents/201103/8211253161625.html,SUCCESS,200,text/html,,utf-8,utf-8,utf-8,utf-8,16979,66541,False,0,4083,苹果益处多 养生保健解酒治腹泻 - 家庭医生在线营养饮食频道,4839,zh-Han-script,GENERIC_STATIC_HTML,True,200,,,
148538,laodong.vn,vi_laodong,https://laodong.vn/dinh-duong-am-thuc/bi-quyet-goi-sua-ve-sau-sinh-mo-cuc-hieu-qua-857260.ldo,https://laodong.vn/dinh-duong-am-thuc/bi-quyet-goi-sua-ve-sau-sinh-mo-cuc-hieu-qua-857260.ldo,https://laodong.vn/dinh-duong-am-thuc/bi-quyet-goi-sua-ve-sau-sinh-mo-cuc-hieu-qua-857260.ldo,SUCCESS,200,text/html,,,ascii,utf-8,ascii,177,177,False,0,155,,0,unknown,JAVASCRIPT_HEAVY,True,200,JS_ONLY_SHELL,,
150657,laodong.vn,vi_laodong,https://laodong.vn/dinh-duong-am-thuc/thuc-don-bua-toi-giam-mo-noi-tang-hieu-qua-trong-1-tuan-1433589.ldo,https://laodong.vn/dinh-duong-am-thuc/thuc-don-bua-toi-giam-mo-noi-tang-hieu-qua-trong-1-tuan-1433589.ldo,https://laodong.vn/dinh-duong-am-thuc/thuc-don-bua-toi-giam-mo-noi-tang-hieu-qua-trong-1-tuan-1433589.ldo,SUCCESS,200,text/html,,,ascii,utf-8,ascii,177,177,False,0,860,,0,unknown,JAVASCRIPT_HEAVY,True,200,JS_ONLY_SHELL,,
151965,laodong.vn,suffix_ldo,https://laodong.vn/lam-dep/loi-ich-cua-dau-lang-do-doi-voi-lan-da-1436906.ldo,https://laodong.vn/lam-dep/loi-ich-cua-dau-lang-do-doi-voi-lan-da-1436906.ldo,https://laodong.vn/lam-dep/loi-ich-cua-dau-lang-do-doi-voi-lan-da-1436906.ldo,SUCCESS,200,text/html,,,ascii,utf-8,ascii,177,177,False,0,1058,,0,unknown,JAVASCRIPT_HEAVY,True,200,JS_ONLY_SHELL,,
158508,laodong.vn,suffix_ldo,https://laodong.vn/suc-khoe/cach-su-dung-mat-ong-de-chua-tieu-chay-dip-tet-1455360.ldo,https://laodong.vn/suc-khoe/cach-su-dung-mat-ong-de-chua-tieu-chay-dip-tet-1455360.ldo,https://laodong.vn/suc-khoe/cach-su-dung-mat-ong-de-chua-tieu-chay-dip-tet-1455360.ldo,SUCCESS,200,text/html,,,ascii,utf-8,ascii,177,177,False,0,2014,,0,unknown,JAVASCRIPT_HEAVY,True,200,JS_ONLY_SHELL,,
172429,laodong.vn,vi_laodong,https://laodong.vn/video/tra-doc-la-tu-loai-hoa-do-trong-day-vuon-giup-song-lau-hon-1463941.ldo,https://laodong.vn/video/tra-doc-la-tu-loai-hoa-do-trong-day-vuon-giup-song-lau-hon-1463941.ldo,https://laodong.vn/video/tra-doc-la-tu-loai-hoa-do-trong-day-vuon-giup-song-lau-hon-1463941.ldo,SUCCESS,200,text/html,,,ascii,utf-8,ascii,177,177,False,0,2449,,0,unknown,JAVASCRIPT_HEAVY,True,200,JS_ONLY_SHELL,,
176620,medlatec.vn,vi_medlatec,https://medlatec.vn/tin-tuc/benh-tri--can-benh-kho-chiu-anh-huong-lon-den-sinh-hoat-hang-ngay-s195-n19686,https://medlatec.vn/tin-tuc/benh-tri--can-benh-kho-chiu-anh-huong-lon-den-sinh-hoat-hang-ngay-s195-n19686,https://medlatec.vn/tin-tuc/benh-tri--can-benh-kho-chiu-anh-huong-lon-den-sinh-hoat-hang-ngay-s195-n19686,SUCCESS,200,text/html,utf-8,utf-8,utf-8,utf-8,utf-8,157328,157328,False,0,457,"Bệnh trĩ - căn bệnh ""khó chịu"" ảnh hưởng lớn đến sinh hoạt hàng ngày",14147,vi-signal,GENERIC_STATIC_HTML,True,200,CAPTCHA,,
181642,medlatec.vn,vi_medlatec,https://medlatec.vn/tin-tuc/di-ngoai-ra-mo-co-phai-la-benh-ly-tieu-hoa-nguy-hiem-hay-khong,https://medlatec.vn/tin-tuc/di-ngoai-ra-mo-co-phai-la-benh-ly-tieu-hoa-nguy-hiem-hay-khong,https://medlatec.vn/tin-tuc/di-ngoai-ra-mo-co-phai-la-benh-ly-tieu-hoa-nguy-hiem-hay-khong,SUCCESS,200,text/html,utf-8,utf-8,utf-8,utf-8,utf-8,154365,154365,False,0,1128,Đi ngoài ra mỡ có phải là bệnh lý tiêu hóa nguy hiểm hay không?,13451,vi-signal,GENERIC_STATIC_HTML,True,200,CAPTCHA,,
183367,medlatec.vn,vi_medlatec,https://medlatec.vn/tin-tuc/gioi-thieu-6-xet-nghiem-noi-tiet-pho-bien-nhat-s58-n31785,https://medlatec.vn/tin-tuc/gioi-thieu-6-xet-nghiem-noi-tiet-pho-bien-nhat-s58-n31785,https://medlatec.vn/tin-tuc/gioi-thieu-6-xet-nghiem-noi-tiet-pho-bien-nhat-s58-n31785,SUCCESS,200,text/html,utf-8,utf-8,utf-8,utf-8,utf-8,159933,159933,False,0,1829,Giới thiệu 6 xét nghiệm nội tiết phổ biến nhất,14320,vi-signal,GENERIC_STATIC_HTML,True,200,CAPTCHA,,
206021,nhathuoclongchau.com.vn,top_longchau,https://nhathuoclongchau.com.vn/bai-viet/5-tai-bien-san-khoa-thuong-gap-trong-qua-trinh-sinh-no.html,https://nhathuoclongchau.com.vn/bai-viet/5-tai-bien-san-khoa-thuong-gap-trong-qua-trinh-sinh-no.html,https://nhathuoclongchau.com.vn/bai-viet/5-tai-bien-san-khoa-thuong-gap-trong-qua-trinh-sinh-no.html,HTTP_ERROR,403,text/html,utf-8,utf-8,utf-8,utf-8,utf-8,5496,5496,False,0,416,Attention Required! | Cloudflare,766,latin-undetermined,ACCESS_RESTRICTED,True,200,CLOUDFLARE;HTTP_403,HTTPStatusError,HTTP 403
236239,nhathuoclongchau.com.vn,top_longchau,https://nhathuoclongchau.com.vn/bai-viet/ha-duong-chan-toc-la-gi-co-nen-ha-duong-chan-toc-khong.html,https://nhathuoclongchau.com.vn/bai-viet/ha-duong-chan-toc-la-gi-co-nen-ha-duong-chan-toc-khong.html,https://nhathuoclongchau.com.vn/bai-viet/ha-duong-chan-toc-la-gi-co-nen-ha-duong-chan-toc-khong.html,HTTP_ERROR,403,text/html,utf-8,utf-8,utf-8,utf-8,utf-8,5496,5496,False,0,765,Attention Required! | Cloudflare,766,latin-undetermined,ACCESS_RESTRICTED,True,200,CLOUDFLARE;HTTP_403,HTTPStatusError,HTTP 403
237365,nhathuoclongchau.com.vn,top_longchau,https://nhathuoclongchau.com.vn/bai-viet/ho-hap-nhan-tao-la-gi-co-may-phuong-phap-nhan-tao-64343.html,https://nhathuoclongchau.com.vn/bai-viet/ho-hap-nhan-tao-la-gi-co-may-phuong-phap-nhan-tao-64343.html,https://nhathuoclongchau.com.vn/bai-viet/ho-hap-nhan-tao-la-gi-co-may-phuong-phap-nhan-tao-64343.html,HTTP_ERROR,403,text/html,utf-8,utf-8,utf-8,utf-8,utf-8,5496,5496,False,0,1654,Attention Required! | Cloudflare,766,latin-undetermined,ACCESS_RESTRICTED,True,200,CLOUDFLARE;HTTP_403,HTTPStatusError,HTTP 403
243684,nhathuoclongchau.com.vn,top_longchau,https://nhathuoclongchau.com.vn/bai-viet/loi-ich-va-thach-thuc-trong-ghep-tang-hanh-trinh-cuu-song-nguoi-benh.html,https://nhathuoclongchau.com.vn/bai-viet/loi-ich-va-thach-thuc-trong-ghep-tang-hanh-trinh-cuu-song-nguoi-benh.html,https://nhathuoclongchau.com.vn/bai-viet/loi-ich-va-thach-thuc-trong-ghep-tang-hanh-trinh-cuu-song-nguoi-benh.html,HTTP_ERROR,403,text/html,utf-8,utf-8,utf-8,utf-8,utf-8,5496,5496,False,0,2032,Attention Required! | Cloudflare,766,latin-undetermined,ACCESS_RESTRICTED,True,200,CLOUDFLARE;HTTP_403,HTTPStatusError,HTTP 403
258597,nhathuoclongchau.com.vn,top_longchau,https://nhathuoclongchau.com.vn/bai-viet/phu-nu-50-tuoi-con-ham-muon-khong.html,https://nhathuoclongchau.com.vn/bai-viet/phu-nu-50-tuoi-con-ham-muon-khong.html,https://nhathuoclongchau.com.vn/bai-viet/phu-nu-50-tuoi-con-ham-muon-khong.html,HTTP_ERROR,403,text/html,utf-8,utf-8,utf-8,utf-8,utf-8,5496,5496,False,0,2991,Attention Required! | Cloudflare,766,latin-undetermined,ACCESS_RESTRICTED,True,200,CLOUDFLARE;HTTP_403,HTTPStatusError,HTTP 403
275600,nhathuoclongchau.com.vn,top_longchau,https://nhathuoclongchau.com.vn/bai-viet/tron-bo-hatomugi-gom-nhung-gi.html,https://nhathuoclongchau.com.vn/bai-viet/tron-bo-hatomugi-gom-nhung-gi.html,https://nhathuoclongchau.com.vn/bai-viet/tron-bo-hatomugi-gom-nhung-gi.html,HTTP_ERROR,403,text/html,utf-8,utf-8,utf-8,utf-8,utf-8,5496,5496,False,0,3781,Attention Required! | Cloudflare,766,latin-undetermined,ACCESS_RESTRICTED,True,200,CLOUDFLARE;HTTP_403,HTTPStatusError,HTTP 403
275668,nhathuoclongchau.com.vn,top_longchau,https://nhathuoclongchau.com.vn/bai-viet/trong-tao-ta-bao-nhieu-calo-va-an-nhieu-tao-co-tot-khong.html,https://nhathuoclongchau.com.vn/bai-viet/trong-tao-ta-bao-nhieu-calo-va-an-nhieu-tao-co-tot-khong.html,https://nhathuoclongchau.com.vn/bai-viet/trong-tao-ta-bao-nhieu-calo-va-an-nhieu-tao-co-tot-khong.html,HTTP_ERROR,403,text/html,utf-8,utf-8,utf-8,utf-8,utf-8,5496,5496,False,0,4070,Attention Required! | Cloudflare,766,latin-undetermined,ACCESS_RESTRICTED,True,200,CLOUDFLARE;HTTP_403,HTTPStatusError,HTTP 403
281767,nhathuoclongchau.com.vn,top_longchau,https://nhathuoclongchau.com.vn/bai-viet/xi-mui-bi-u-tai-phai-lam-sao-mach-ban-nhung-phuong-phap-khac-phuc-58650.html,https://nhathuoclongchau.com.vn/bai-viet/xi-mui-bi-u-tai-phai-lam-sao-mach-ban-nhung-phuong-phap-khac-phuc-58650.html,https://nhathuoclongchau.com.vn/bai-viet/xi-mui-bi-u-tai-phai-lam-sao-mach-ban-nhung-phuong-phap-khac-phuc-58650.html,HTTP_ERROR,403,text/html,utf-8,utf-8,utf-8,utf-8,utf-8,5496,5496,False,0,5019,Attention Required! | Cloudflare,766,latin-undetermined,ACCESS_RESTRICTED,True,200,CLOUDFLARE;HTTP_403,HTTPStatusError,HTTP 403
316789,phuyen.baodaklak.vn,feature_no_extension,https://phuyen.baodaklak.vn/95/72940/dung-hoa-qua-cung-phai-dung-lieu/,https://phuyen.baodaklak.vn/95/72940/dung-hoa-qua-cung-phai-dung-lieu/,https://phuyen.baodaklak.vn/95/72940/dung-hoa-qua-cung-phai-dung-lieu/,SUCCESS,200,text/html,utf-8,utf-8,utf-8,utf-8,utf-8,137907,137907,False,0,553,Dùng hoa quả cũng phải đúng liều - Phú Yên online,9047,vi-signal,Q_AND_A_TEMPLATE,True,404,,,
325132,suckhoecongdongonline.vn,top_suckhoecongdong,https://suckhoecongdongonline.vn/4-4-hoc-sinh-doi-tuyen-viet-nam-gianh-huy-chuong-tai-olympic-tin-hoc-quoc-te-2023,https://suckhoecongdongonline.vn/4-4-hoc-sinh-doi-tuyen-viet-nam-gianh-huy-chuong-tai-olympic-tin-hoc-quoc-te-2023,https://suckhoecongdongonline.vn/4-4-hoc-sinh-doi-tuyen-viet-nam-gianh-huy-chuong-tai-olympic-tin-hoc-quoc-te-2023,SUCCESS,200,text/html,utf-8,utf-8,utf-8,utf-8,utf-8,40851,40851,False,0,692,4/4 học sinh đội tuyển Việt Nam giành huy chương tại Olympic Tin học quốc tế 2023 | Sức Khỏe Cộng Đồng,4941,vi-signal,NEWS_TEMPLATE,True,404,,,
325211,suckhoecongdongonline.vn,top_suckhoecongdong,https://suckhoecongdongonline.vn/4-chuc-nang-cua-vitamin-k,https://suckhoecongdongonline.vn/4-chuc-nang-cua-vitamin-k,https://suckhoecongdongonline.vn/4-chuc-nang-cua-vitamin-k,SUCCESS,200,text/html,utf-8,utf-8,utf-8,utf-8,utf-8,38597,38597,False,0,809,4 chức năng của vitamin K | Sức Khỏe Cộng Đồng,4464,vi-signal,NEWS_TEMPLATE,True,404,,,
330042,suckhoecongdongonline.vn,top_suckhoecongdong,https://suckhoecongdongonline.vn/ba-bau-co-duoc-an-dua-khong-421755273333,https://suckhoecongdongonline.vn/ba-bau-co-duoc-an-dua-khong-421755273333,https://suckhoecongdongonline.vn/ba-bau-co-duoc-an-dua-khong-421755273333,SUCCESS,200,text/html,utf-8,utf-8,utf-8,utf-8,utf-8,41245,41245,False,0,1575,Bà bầu có được ăn dứa không | Sức Khỏe Cộng Đồng,4545,vi-signal,NEWS_TEMPLATE,True,404,,,
331804,suckhoecongdongonline.vn,top_suckhoecongdong,https://suckhoecongdongonline.vn/bai-bo-quy-dinh-dong-phi-chan-tha-trau-bo,https://suckhoecongdongonline.vn/bai-bo-quy-dinh-dong-phi-chan-tha-trau-bo,https://suckhoecongdongonline.vn/bai-bo-quy-dinh-dong-phi-chan-tha-trau-bo,SUCCESS,200,text/html,utf-8,utf-8,utf-8,utf-8,utf-8,41704,41704,False,0,2015,"Yêu cầu HTX bãi bỏ quy định đóng phí chăn thả trâu, bò | Sức Khỏe Cộng Đồng",4845,vi-signal,NEWS_TEMPLATE,True,404,,,
365217,suckhoecongdongonline.vn,top_suckhoecongdong,https://suckhoecongdongonline.vn/dien-bien-vu-be-gai-6-tuoi-tu-vong-nghi-bi-bao-hanh-bo-de-khai-co-danh,https://suckhoecongdongonline.vn/dien-bien-vu-be-gai-6-tuoi-tu-vong-nghi-bi-bao-hanh-bo-de-khai-co-danh,https://suckhoecongdongonline.vn/dien-bien-vu-be-gai-6-tuoi-tu-vong-nghi-bi-bao-hanh-bo-de-khai-co-danh,SUCCESS,200,text/html,utf-8,utf-8,utf-8,utf-8,utf-8,41346,41346,False,0,2843,Diễn biến vụ bé gái 6 tuổi tử vong nghi bị bạo hành: Bố đẻ khai có đánh | Sức Khỏe Cộng Đồng,4790,vi-signal,NEWS_TEMPLATE,True,404,,,
379974,suckhoecongdongonline.vn,top_suckhoecongdong,https://suckhoecongdongonline.vn/ha-noi-tang-cuong-kiem-tra-kiem-soat-an-toan-thuc-pham-dip-cuoi-nam,https://suckhoecongdongonline.vn/ha-noi-tang-cuong-kiem-tra-kiem-soat-an-toan-thuc-pham-dip-cuoi-nam,https://suckhoecongdongonline.vn/ha-noi-tang-cuong-kiem-tra-kiem-soat-an-toan-thuc-pham-dip-cuoi-nam,SUCCESS,200,text/html,utf-8,utf-8,utf-8,utf-8,utf-8,43113,43113,False,0,3051,"Hà Nội tăng cường kiểm tra, kiểm soát an toàn thực phẩm dịp cuối năm | Sức Khỏe Cộng Đồng",7699,vi-signal,NEWS_TEMPLATE,True,404,,,
431366,suckhoecongdongonline.vn,top_suckhoecongdong,https://suckhoecongdongonline.vn/siet-tour-0-dong-nhung-khong-de-luong-khach-quoc-te-den-viet-nam-giam,https://suckhoecongdongonline.vn/siet-tour-0-dong-nhung-khong-de-luong-khach-quoc-te-den-viet-nam-giam,https://suckhoecongdongonline.vn/siet-tour-0-dong-nhung-khong-de-luong-khach-quoc-te-den-viet-nam-giam,SUCCESS,200,text/html,utf-8,utf-8,utf-8,utf-8,utf-8,44171,44171,False,0,3899,Siết tour 0 đồng nhưng không để lượng khách quốc tế đến Việt Nam giảm | Sức Khỏe Cộng Đồng,5925,vi-signal,NEWS_TEMPLATE,True,404,,,
444236,suckhoecongdongonline.vn,top_suckhoecongdong,https://suckhoecongdongonline.vn/tiet-lo-cuon-so-quyet-dinh-so-phan-bs-hoang-cong-luong,https://suckhoecongdongonline.vn/tiet-lo-cuon-so-quyet-dinh-so-phan-bs-hoang-cong-luong,https://suckhoecongdongonline.vn/tiet-lo-cuon-so-quyet-dinh-so-phan-bs-hoang-cong-luong,SUCCESS,200,text/html,utf-8,utf-8,utf-8,utf-8,utf-8,47465,47465,False,0,4047,Tiết lộ cuốn sổ quyết định ‘số phận’ BS Hoàng Công Lương | Sức Khỏe Cộng Đồng,7001,vi-signal,NEWS_TEMPLATE,True,404,,,
489970,suckhoedoisong.vn,top_suckhoedoisong,https://suckhoedoisong.vn/ban-tin-thoi-tiet-nam-bo-chuan-bi-buoc-vao-dot-mua-to-dien-rong-169250917131624242.htm,https://suckhoedoisong.vn/ban-tin-thoi-tiet-nam-bo-chuan-bi-buoc-vao-dot-mua-to-dien-rong-169250917131624242.htm,https://suckhoedoisong.vn/ban-tin-thoi-tiet-nam-bo-chuan-bi-buoc-vao-dot-mua-to-dien-rong-169250917131624242.htm,SUCCESS,200,text/html,utf-8,utf-8,utf-8,utf-8,utf-8,125712,580555,False,0,228,Bản tin thời tiết: Nam Bộ chuẩn bị bước vào đợt mưa to diện rộng,3419,vi-signal,NEWS_TEMPLATE,True,200,,,
503679,suckhoedoisong.vn,top_suckhoedoisong,https://suckhoedoisong.vn/chay-dua-cung-thoi-gian-cuu-nguoi-dan-ong-vo-ruot-gay-cot-song-nguy-kich-169230202192245335.htm,https://suckhoedoisong.vn/chay-dua-cung-thoi-gian-cuu-nguoi-dan-ong-vo-ruot-gay-cot-song-nguy-kich-169230202192245335.htm,https://suckhoedoisong.vn/chay-dua-cung-thoi-gian-cuu-nguoi-dan-ong-vo-ruot-gay-cot-song-nguy-kich-169230202192245335.htm,SUCCESS,200,text/html,utf-8,utf-8,utf-8,utf-8,utf-8,597037,597037,False,0,1289,"Chạy đua cùng thời gian cứu người đàn ông vỡ ruột, gãy cột sống nguy kịch",6772,vi-signal,NEWS_TEMPLATE,True,200,,,
513395,suckhoedoisong.vn,top_suckhoedoisong,https://suckhoedoisong.vn/dinh-duong-phu-hop-giup-bao-ve-suc-khoe-nhung-ngay-thoi-tiet-that-thuong-169230731093921601.htm,https://suckhoedoisong.vn/dinh-duong-phu-hop-giup-bao-ve-suc-khoe-nhung-ngay-thoi-tiet-that-thuong-169230731093921601.htm,https://suckhoedoisong.vn/dinh-duong-phu-hop-giup-bao-ve-suc-khoe-nhung-ngay-thoi-tiet-that-thuong-169230731093921601.htm,SUCCESS,200,text/html,utf-8,utf-8,utf-8,utf-8,utf-8,131871,598125,False,0,2025,Dinh dưỡng phù hợp giúp bảo vệ sức khỏe những ngày thời tiết thất thường,10088,vi-signal,NEWS_TEMPLATE,True,200,,,
531879,suckhoedoisong.vn,top_suckhoedoisong,https://suckhoedoisong.vn/ngay-suc-khoe-the-gioi-2025-who-viet-nam-keu-goi-hanh-dong-de-bao-dam-moi-ba-me-va-tre-so-sinh-deu-nhan-duoc-su-cham-soc-169250408102656106.htm,https://suckhoedoisong.vn/ngay-suc-khoe-the-gioi-2025-who-viet-nam-keu-goi-hanh-dong-de-bao-dam-moi-ba-me-va-tre-so-sinh-deu-nhan-duoc-su-cham-soc-169250408102656106.htm,https://suckhoedoisong.vn/ngay-suc-khoe-the-gioi-2025-who-viet-nam-keu-goi-hanh-dong-de-bao-dam-moi-ba-me-va-tre-so-sinh-deu-nhan-duoc-su-cham-soc-169250408102656106.htm,SUCCESS,200,text/html,utf-8,utf-8,utf-8,utf-8,utf-8,604891,604891,False,0,2333,Ngày Sức khỏe thế giới 2025: WHO Việt Nam kêu gọi hành động để bảo đảm mọi bà mẹ và trẻ sơ sinh đều nhận được sự chăm sóc,9862,vi-signal,NEWS_TEMPLATE,True,200,,,
534309,suckhoedoisong.vn,top_suckhoedoisong,https://suckhoedoisong.vn/nguy-co-tan-tat-va-tu-vong-cao-o-benh-nhan-dot-quy-do-covid-19-169220211100159026.htm,https://suckhoedoisong.vn/nguy-co-tan-tat-va-tu-vong-cao-o-benh-nhan-dot-quy-do-covid-19-169220211100159026.htm,https://suckhoedoisong.vn/nguy-co-tan-tat-va-tu-vong-cao-o-benh-nhan-dot-quy-do-covid-19-169220211100159026.htm,SUCCESS,200,text/html,utf-8,utf-8,utf-8,utf-8,utf-8,598055,598055,False,0,3227,Nguy cơ tàn tật và tử vong cao ở bệnh nhân đột quỵ do COVID-19,6445,vi-signal,NEWS_TEMPLATE,True,200,,,
551114,suckhoedoisong.vn,top_suckhoedoisong,https://suckhoedoisong.vn/thuc-pham-bo-sung-nao-ho-tro-dieu-tri-viem-tuyen-mo-hoi-mu-169251010074236857.htm,https://suckhoedoisong.vn/thuc-pham-bo-sung-nao-ho-tro-dieu-tri-viem-tuyen-mo-hoi-mu-169251010074236857.htm,https://suckhoedoisong.vn/thuc-pham-bo-sung-nao-ho-tro-dieu-tri-viem-tuyen-mo-hoi-mu-169251010074236857.htm,SUCCESS,200,text/html,utf-8,utf-8,utf-8,utf-8,utf-8,133470,603833,False,0,3522,Thực phẩm bổ sung nào hỗ trợ điều trị viêm tuyến mồ hôi mủ?,9017,vi-signal,NEWS_TEMPLATE,True,200,,,
552836,suckhoedoisong.vn,top_suckhoedoisong,https://suckhoedoisong.vn/thuoc-tri-o-chua-co-the-cai-thien-benh-nuou-rang-169220219161926324.htm,https://suckhoedoisong.vn/thuoc-tri-o-chua-co-the-cai-thien-benh-nuou-rang-169220219161926324.htm,https://suckhoedoisong.vn/thuoc-tri-o-chua-co-the-cai-thien-benh-nuou-rang-169220219161926324.htm,SUCCESS,200,text/html,utf-8,utf-8,utf-8,utf-8,utf-8,132123,599231,False,0,4101,Thuốc trị ợ chua có thể cải thiện bệnh nướu răng,8079,vi-signal,NEWS_TEMPLATE,True,200,,,
561433,suckhoedoisong.vn,top_suckhoedoisong,https://suckhoedoisong.vn/vinamilk-trong-gan-100-ngan-cay-xanh-va-trao-tang-66000-ly-sua-tai-tinh-ca-mau-169143810.htm,https://suckhoedoisong.vn/vinamilk-trong-gan-100-ngan-cay-xanh-va-trao-tang-66000-ly-sua-tai-tinh-ca-mau-169143810.htm,https://suckhoedoisong.vn/vinamilk-trong-gan-100-ngan-cay-xanh-va-trao-tang-66000-ly-sua-tai-tinh-ca-mau-169143810.htm,SUCCESS,200,text/html,utf-8,utf-8,utf-8,utf-8,utf-8,597449,597449,False,0,4435,Vinamilk trồng gần 100 ngàn cây xanh và trao tặng 66.000 ly sữa tại tỉnh Cà Mau,10132,vi-signal,NEWS_TEMPLATE,True,200,,,
2537545,test.pmphai.com,feature_query_string,https://test.pmphai.com/jeesitede/appcase/toPcDetail?sessionId=&knowledgeLibPrefix=case&id=15243,https://test.pmphai.com/jeesitede/appcase/toPcDetail?sessionId=&knowledgeLibPrefix=case&id=15243,https://test.pmphai.com/jeesitede/appcase/toPcDetail?sessionId=&knowledgeLibPrefix=case&id=15243,SUCCESS,200,text/html,utf-8,utf-8,utf-8,utf-8,utf-8,98831,98831,False,0,7393,病例详情-病例-人卫临床助手-人民卫生出版社,2431,zh-Han-script,GENERIC_STATIC_HTML,True,200,,,
2537954,test.pmphai.com,feature_query_string,https://test.pmphai.com/jeesitede/appcase/toPcDetail?sessionId=&knowledgeLibPrefix=case&id=15654,https://test.pmphai.com/jeesitede/appcase/toPcDetail?sessionId=&knowledgeLibPrefix=case&id=15654,https://test.pmphai.com/jeesitede/appcase/toPcDetail?sessionId=&knowledgeLibPrefix=case&id=15654,SUCCESS,200,text/html,utf-8,utf-8,utf-8,utf-8,utf-8,93468,93468,False,0,8331,病例详情-病例-人卫临床助手-人民卫生出版社,915,zh-Han-script,GENERIC_STATIC_HTML,True,200,,,
2538890,test.pmphai.com,feature_query_string,https://test.pmphai.com/jeesitede/appcase/toPcDetail?sessionId=&knowledgeLibPrefix=case&id=1782299726587101186,https://test.pmphai.com/jeesitede/appcase/toPcDetail?sessionId=&knowledgeLibPrefix=case&id=1782299726587101186,https://test.pmphai.com/jeesitede/appcase/toPcDetail?sessionId=&knowledgeLibPrefix=case&id=1782299726587101186,SUCCESS,200,text/html,utf-8,utf-8,utf-8,utf-8,utf-8,100909,100909,False,0,9436,病例详情-病例-人卫临床助手-人民卫生出版社,3878,zh-Han-script,GENERIC_STATIC_HTML,True,200,,,
2541834,test.pmphai.com,feature_query_string,https://test.pmphai.com/jeesitede/appdisease/toPcDetail?sessionId=&knowledgeLibPrefix=disease&id=0001AA100000000EQVYT,https://test.pmphai.com/jeesitede/appdisease/toPcDetail?sessionId=&knowledgeLibPrefix=disease&id=0001AA100000000EQVYT,https://test.pmphai.com/jeesitede/appdisease/toPcDetail?sessionId=&knowledgeLibPrefix=disease&id=0001AA100000000EQVYT,SUCCESS,200,text/html,utf-8,utf-8,utf-8,utf-8,utf-8,99605,99605,False,0,9196,疾病详情-疾病-人卫临床助手-人民卫生出版社,902,zh-Han-script,GENERIC_STATIC_HTML,True,200,,,
2542392,test.pmphai.com,unusual_test_pmphai,https://test.pmphai.com/jeesitede/appdisease/toPcDetail?sessionId=&knowledgeLibPrefix=disease&id=10789,https://test.pmphai.com/jeesitede/appdisease/toPcDetail?sessionId=&knowledgeLibPrefix=disease&id=10789,https://test.pmphai.com/jeesitede/appdisease/toPcDetail?sessionId=&knowledgeLibPrefix=disease&id=10789,SUCCESS,200,text/html,utf-8,utf-8,utf-8,utf-8,utf-8,105969,105969,False,0,9488,疾病详情-疾病-人卫临床助手-人民卫生出版社,3065,zh-Han-script,GENERIC_STATIC_HTML,True,200,,,
2547241,test.pmphai.com,unusual_test_pmphai,https://test.pmphai.com/jeesitede/appdisease/toPcDetail?sessionId=&knowledgeLibPrefix=disease&id=22064,https://test.pmphai.com/jeesitede/appdisease/toPcDetail?sessionId=&knowledgeLibPrefix=disease&id=22064,https://test.pmphai.com/jeesitede/appdisease/toPcDetail?sessionId=&knowledgeLibPrefix=disease&id=22064,SUCCESS,200,text/html,utf-8,utf-8,utf-8,utf-8,utf-8,99859,99859,False,0,6529,疾病详情-疾病-人卫临床助手-人民卫生出版社,1019,zh-Han-script,GENERIC_STATIC_HTML,True,200,,,
2548709,test.pmphai.com,unusual_test_pmphai,https://test.pmphai.com/jeesitede/appdisease/toPcDetail?sessionId=&knowledgeLibPrefix=disease&id=24229,https://test.pmphai.com/jeesitede/appdisease/toPcDetail?sessionId=&knowledgeLibPrefix=disease&id=24229,https://test.pmphai.com/jeesitede/appdisease/toPcDetail?sessionId=&knowledgeLibPrefix=disease&id=24229,SUCCESS,200,text/html,utf-8,utf-8,utf-8,utf-8,utf-8,102143,102143,False,0,7362,疾病详情-疾病-人卫临床助手-人民卫生出版社,1588,zh-Han-script,GENERIC_STATIC_HTML,True,200,,,
2550007,test.pmphai.com,unusual_test_pmphai,https://test.pmphai.com/jeesitede/appdisease/toPcDetail?sessionId=&knowledgeLibPrefix=disease&id=28741,https://test.pmphai.com/jeesitede/appdisease/toPcDetail?sessionId=&knowledgeLibPrefix=disease&id=28741,https://test.pmphai.com/jeesitede/appdisease/toPcDetail?sessionId=&knowledgeLibPrefix=disease&id=28741,SUCCESS,200,text/html,utf-8,utf-8,utf-8,utf-8,utf-8,103762,103762,False,0,7918,疾病详情-疾病-人卫临床助手-人民卫生出版社,2809,zh-Han-script,GENERIC_STATIC_HTML,True,200,,,
588988,thanhnien.vn,vi_thanhnien,https://thanhnien.vn/34-tre-duoi-5-tuoi-bi-thap-coi-185300470.htm,https://thanhnien.vn/34-tre-duoi-5-tuoi-bi-thap-coi-185300470.htm,https://thanhnien.vn/34-tre-duoi-5-tuoi-bi-thap-coi-185300470.htm,SUCCESS,200,text/html,utf-8,utf-8,utf-8,utf-8,utf-8,313006,313006,False,0,368,34% trẻ dưới 5 tuổi bị thấp còi,3214,vi-signal,NEWS_TEMPLATE,True,200,,,
629353,thanhnien.vn,vi_thanhnien,https://thanhnien.vn/muon-thuc-day-tinh-tao-vao-6-gio-sang-thi-can-ngu-luc-may-gio-185800487.htm,https://thanhnien.vn/muon-thuc-day-tinh-tao-vao-6-gio-sang-thi-can-ngu-luc-may-gio-185800487.htm,https://thanhnien.vn/muon-thuc-day-tinh-tao-vao-6-gio-sang-thi-can-ngu-luc-may-gio-185800487.htm,SUCCESS,200,text/html,utf-8,utf-8,utf-8,utf-8,utf-8,323591,323591,False,0,947,Muốn thức dậy tỉnh táo vào 6 giờ sáng thì cần ngủ lúc mấy giờ?,4395,vi-signal,NEWS_TEMPLATE,True,200,,,
643822,thanhnien.vn,vi_thanhnien,https://thanhnien.vn/san-phu-de-roi-tai-nha-duoc-bac-si-kip-thoi-ho-tro-185251007151645684.htm,https://thanhnien.vn/san-phu-de-roi-tai-nha-duoc-bac-si-kip-thoi-ho-tro-185251007151645684.htm,https://thanhnien.vn/san-phu-de-roi-tai-nha-duoc-bac-si-kip-thoi-ho-tro-185251007151645684.htm,SUCCESS,200,text/html,utf-8,utf-8,utf-8,utf-8,utf-8,322009,322009,False,0,1485,Sản phụ đẻ rơi tại nhà được bác sĩ kịp thời hỗ trợ,4112,vi-signal,NEWS_TEMPLATE,True,200,,,
676946,tienphong.vn,suffix_tpo,https://tienphong.vn/gia-han-kiem-tra-phong-kham-sai-gon-tam-duc-o-ca-mau-bi-to-truc-loi-quy-bhyt-post1796310.tpo,https://tienphong.vn/gia-han-kiem-tra-phong-kham-sai-gon-tam-duc-o-ca-mau-bi-to-truc-loi-quy-bhyt-post1796310.tpo,https://tienphong.vn/gia-han-kiem-tra-phong-kham-sai-gon-tam-duc-o-ca-mau-bi-to-truc-loi-quy-bhyt-post1796310.tpo,SUCCESS,200,text/html,utf-8,utf-8,utf-8,utf-8,utf-8,131505,131505,False,0,401,Gia hạn kiểm tra phòng khám Sài Gòn Tâm Đức ở Cà Mau bị tố trục lợi quỹ BHYT,13423,vi-signal,NEWS_TEMPLATE,True,200,,,
677023,tienphong.vn,suffix_tpo,https://tienphong.vn/hai-benh-vien-lon-phoi-hop-phau-thuat-di-tat-tim-giup-thai-nhi-24-tuan-chao-doi-khoe-manh-post1826497.tpo,https://tienphong.vn/hai-benh-vien-lon-phoi-hop-phau-thuat-di-tat-tim-giup-thai-nhi-24-tuan-chao-doi-khoe-manh-post1826497.tpo,https://tienphong.vn/hai-benh-vien-lon-phoi-hop-phau-thuat-di-tat-tim-giup-thai-nhi-24-tuan-chao-doi-khoe-manh-post1826497.tpo,SUCCESS,200,text/html,utf-8,utf-8,utf-8,utf-8,utf-8,137491,137491,False,0,1049,"Hai bệnh viện lớn phối hợp phẫu thuật dị tật tim, giúp thai nhi 24 tuần chào đời khỏe mạnh",16395,vi-signal,NEWS_TEMPLATE,True,200,,,
730466,vietnamplus.vn,suffix_vnp,https://www.vietnamplus.vn/cuu-song-mot-nam-thanh-nien-bi-thanh-sat-dai-2-met-dam-thau-nguc-post563435.vnp,https://www.vietnamplus.vn/cuu-song-mot-nam-thanh-nien-bi-thanh-sat-dai-2-met-dam-thau-nguc-post563435.vnp,https://www.vietnamplus.vn/cuu-song-mot-nam-thanh-nien-bi-thanh-sat-dai-2-met-dam-thau-nguc-post563435.vnp,SUCCESS,200,text/html,utf-8,utf-8,utf-8,utf-8,utf-8,149635,149635,False,0,303,Cứu sống một nam thanh niên bị thanh sắt dài 2 mét đâm thấu ngực,14207,vi-signal,NEWS_TEMPLATE,True,200,,,
733073,vietnamplus.vn,suffix_vnp,https://www.vietnamplus.vn/xac-dinh-nguyen-nhan-gay-tac-dung-phu-cua-vaccine-mrna-post985894.vnp,https://www.vietnamplus.vn/xac-dinh-nguyen-nhan-gay-tac-dung-phu-cua-vaccine-mrna-post985894.vnp,https://www.vietnamplus.vn/xac-dinh-nguyen-nhan-gay-tac-dung-phu-cua-vaccine-mrna-post985894.vnp,SUCCESS,200,text/html,utf-8,utf-8,utf-8,utf-8,utf-8,147633,147633,False,0,1047,Xác định nguyên nhân gây tác dụng phụ của vaccine mRNA,13444,vi-signal,NEWS_TEMPLATE,True,200,,,
739567,vinmec.com,vi_vinmec,https://www.vinmec.com/vie/bai-viet/co-dung-thuoc-nao-ho-tro-giam-dau-ung-thu-gan-di-can-vi,https://www.vinmec.com/vie/bai-viet/co-dung-thuoc-nao-ho-tro-giam-dau-ung-thu-gan-di-can-vi,https://www.vinmec.com/vie/bai-viet/co-dung-thuoc-nao-ho-tro-giam-dau-ung-thu-gan-di-can-vi,SUCCESS,200,text/html,utf-8,utf-8,utf-8,utf-8,utf-8,204165,204165,False,0,684,Có thể dùng thuốc nào hỗ trợ giảm đau ung thư gan di căn? | Vinmec,5375,vi-signal,GENERIC_STATIC_HTML,True,200,,,
740017,vinmec.com,vi_vinmec,https://www.vinmec.com/vie/bai-viet/cong-dung-cua-cay-gam-vi,https://www.vinmec.com/vie/bai-viet/cong-dung-cua-cay-gam-vi,https://www.vinmec.com/vie/bai-viet/cong-dung-cua-cay-gam-vi,SUCCESS,200,text/html,utf-8,utf-8,utf-8,utf-8,utf-8,223258,223258,False,0,1377,Công dụng của cây gắm | Vinmec,11319,vi-signal,GENERIC_STATIC_HTML,True,200,,,
743298,vinmec.com,vi_vinmec,https://www.vinmec.com/vie/bai-viet/gay-xuong-suon-co-can-bo-bot-khong-vi,https://www.vinmec.com/vie/bai-viet/gay-xuong-suon-co-can-bo-bot-khong-vi,https://www.vinmec.com/vie/bai-viet/gay-xuong-suon-co-can-bo-bot-khong-vi,SUCCESS,200,text/html,utf-8,utf-8,utf-8,utf-8,utf-8,206242,206242,False,0,1800,Gãy xương sườn có cần bó bột không? | Vinmec,6896,vi-signal,GENERIC_STATIC_HTML,True,200,,,
705981,vov.vn,suffix_vov,https://vov.vn/suc-khoe/bi-kip-an-com-chay-nhung-van-giu-duoc-dang-thon-post1249966.vov,https://vov.vn/suc-khoe/bi-kip-an-com-chay-nhung-van-giu-duoc-dang-thon-post1249966.vov,https://vov.vn/suc-khoe/bi-kip-an-com-chay-nhung-van-giu-duoc-dang-thon-post1249966.vov,SUCCESS,200,text/html,utf-8,utf-8,utf-8,utf-8,utf-8,258225,258225,False,0,634,Bí kíp ăn cơm cháy những vẫn giữ được dáng thon,10941,vi-signal,NEWS_TEMPLATE,True,200,CAPTCHA,,
710571,vov.vn,suffix_vov,https://vov.vn/suc-khoe/phong-ngua-rui-ro-khi-chay-duong-dai-vao-ban-dem-cho-nguoi-chay-bo-post1006100.vov,https://vov.vn/suc-khoe/phong-ngua-rui-ro-khi-chay-duong-dai-vao-ban-dem-cho-nguoi-chay-bo-post1006100.vov,https://vov.vn/suc-khoe/phong-ngua-rui-ro-khi-chay-duong-dai-vao-ban-dem-cho-nguoi-chay-bo-post1006100.vov,SUCCESS,200,text/html,utf-8,utf-8,utf-8,utf-8,utf-8,40637,250845,False,0,1185,Phòng ngừa rủi ro khi chạy đường dài vào ban đêm cho người chạy bộ,9570,vi-signal,NEWS_TEMPLATE,True,200,CAPTCHA,,
715038,vov2.vov.vn,suffix_vov2,https://vov2.vov.vn/suc-khoe/chien-dich-tiem-vaccine-phong-covid-19-vui-trung-thu-va-tuu-truong-an-toan-37309.vov2,https://vov2.vov.vn/suc-khoe/chien-dich-tiem-vaccine-phong-covid-19-vui-trung-thu-va-tuu-truong-an-toan-37309.vov2,https://vov2.vov.vn/suc-khoe/chien-dich-tiem-vaccine-phong-covid-19-vui-trung-thu-va-tuu-truong-an-toan-37309.vov2,SUCCESS,200,text/html,utf-8,utf-8,utf-8,utf-8,utf-8,50737,50737,False,0,1262,"Chiến dịch tiêm vaccine phòng Covid-19 ""Vui Trung thu và tựu trường an toàn"" | VOV2.VN",4387,vi-signal,GENERIC_STATIC_HTML,True,200,,,
715883,vov2.vov.vn,suffix_vov2,https://vov2.vov.vn/suc-khoe/f0-cham-soc-tai-nha-can-chu-y-nhung-dau-hieu-tang-nang-30941.vov2,https://vov2.vov.vn/suc-khoe/f0-cham-soc-tai-nha-can-chu-y-nhung-dau-hieu-tang-nang-30941.vov2,https://vov2.vov.vn/suc-khoe/f0-cham-soc-tai-nha-can-chu-y-nhung-dau-hieu-tang-nang-30941.vov2,SUCCESS,200,text/html,utf-8,utf-8,utf-8,utf-8,utf-8,52106,52106,False,0,1729,F0 chăm sóc tại nhà cần chú ý những dấu hiệu tăng nặng | VOV2.VN,5559,vi-signal,NEWS_TEMPLATE,True,200,,,
4063270,zhongyibaodian.net,top_zhongyibaodian,https://zhongyibaodian.net/a/139888.html,https://zhongyibaodian.net/a/139888.html,https://zhongyibaodian.net/a/139888.html,SUCCESS,200,text/html,utf-8,utf-8,utf-8,utf-8,utf-8,63521,63521,False,0,2771,麦门冬丸_麦门冬丸的作用_麦门冬丸说明书_麦门冬丸的功效_中药麦门冬丸配方 _【中医宝典】,7627,zh-Han-script,GENERIC_STATIC_HTML,True,404,,,
4066781,zhongyibaodian.net,top_zhongyibaodian,https://zhongyibaodian.net/a/143780.html,https://zhongyibaodian.net/a/143780.html,https://zhongyibaodian.net/a/143780.html,SUCCESS,200,text/html,utf-8,utf-8,utf-8,utf-8,utf-8,21749,21749,False,0,2788,"黑草,黑草的功效与作用_中药黑草_黑草是什么_黑草的用法用量 _【中医宝典】",951,zh-Han-script,GENERIC_STATIC_HTML,True,404,,,
4073608,zhongyibaodian.net,top_zhongyibaodian,https://zhongyibaodian.net/a/151976.html,https://zhongyibaodian.net/a/151976.html,https://zhongyibaodian.net/a/151976.html,SUCCESS,200,text/html,utf-8,utf-8,utf-8,utf-8,utf-8,13433,13433,False,0,3682,股后区 _【中医宝典】,592,zh-Han-script,GENERIC_STATIC_HTML,True,404,,,
4115732,zhongyibaodian.net,top_zhongyibaodian,https://zhongyibaodian.net/a/42391.html,https://zhongyibaodian.net/a/42391.html,https://zhongyibaodian.net/a/42391.html,SUCCESS,200,text/html,utf-8,utf-8,utf-8,utf-8,utf-8,16132,16132,False,0,4448,呼和浩特市土默特左旗医院列表_地址_联系电话_传真_电子邮件_【中医宝典】,841,zh-Han-script,GENERIC_STATIC_HTML,True,404,,,
4117223,zhongyibaodian.net,top_zhongyibaodian,https://zhongyibaodian.net/a/44191.html,https://zhongyibaodian.net/a/44191.html,https://zhongyibaodian.net/a/44191.html,SUCCESS,200,text/html,utf-8,utf-8,utf-8,utf-8,utf-8,8235,8235,False,0,5094,妇宝冲剂 _【中医宝典】,306,zh-Han-script,UNKNOWN,True,404,,,
4124830,zhongyibaodian.net,top_zhongyibaodian,https://zhongyibaodian.net/a/54795.html,https://zhongyibaodian.net/a/54795.html,https://zhongyibaodian.net/a/54795.html,SUCCESS,200,text/html,utf-8,utf-8,utf-8,utf-8,utf-8,10492,10492,False,0,5541,寒热往来 _【中医宝典】,687,zh-Han-script,GENERIC_STATIC_HTML,True,404,,,
4134405,zhongyibaodian.net,top_zhongyibaodian,https://zhongyibaodian.net/a/67228.html,https://zhongyibaodian.net/a/67228.html,https://zhongyibaodian.net/a/67228.html,SUCCESS,200,text/html,utf-8,utf-8,utf-8,utf-8,utf-8,31726,31726,False,0,5489,归入三焦经的平性中药列表 _【中医宝典】,1299,zh-Han-script,GENERIC_STATIC_HTML,True,404,,,
4153697,zhongyibaodian.net,top_zhongyibaodian,https://zhongyibaodian.net/a/92522.html,https://zhongyibaodian.net/a/92522.html,https://zhongyibaodian.net/a/92522.html,SUCCESS,200,text/html,utf-8,utf-8,utf-8,utf-8,utf-8,61043,61043,False,0,6427,注意缺陷障碍 _【中医宝典】,8853,zh-Han-script,GENERIC_STATIC_HTML,True,404,,,
2069577,zydcd.com,feature_http_redirect,http://www.zydcd.com/zhongyi/zy24509ly/,http://www.zydcd.com/zhongyi/zy24509ly/,http://www.zydcd.com/zhongyi/zy24509ly/,SUCCESS,200,text/html,utf-8,utf-8,utf-8,utf-8,utf-8,12540,12540,False,0,4221,聪耳芦荟丸_中药方:聪耳芦荟丸的功效与作用_聪耳芦荟丸配方及主治介绍_中医大辞典,917,zh-Han-script,GENERIC_STATIC_HTML,True,404,,,
2124687,zydcd.com,feature_http_redirect,http://www.zydcd.com/zhongyi/zy81811yn/,http://www.zydcd.com/zhongyi/zy81811yn/,http://www.zydcd.com/zhongyi/zy81811yn/,SUCCESS,200,text/html,utf-8,utf-8,utf-8,utf-8,utf-8,9655,9655,False,0,3585,程云来_中医:程云来_程云来介绍及知识点_中医大辞典,430,zh-Han-script,UNKNOWN,True,404,,,
4177985,zysjonline.com,feature_no_extension,https://zysjonline.com/articles/misc/1089/,https://zysjonline.com/articles/misc/1089/,,ROBOTS_BLOCKED,,,,,,,,,0,False,0,320,,0,unknown,UNKNOWN,False,403,,RobotsDisallowed,
4217811,zysjonline.com,top_zysjonline,https://zysjonline.com/articles/misc/60711/,https://zysjonline.com/articles/misc/60711/,,ROBOTS_BLOCKED,,,,,,,,,0,False,0,694,,0,unknown,UNKNOWN,False,403,,RobotsDisallowed,
4223843,zysjonline.com,feature_no_extension,https://zysjonline.com/articles/misc/67142/,https://zysjonline.com/articles/misc/67142/,,ROBOTS_BLOCKED,,,,,,,,,0,False,0,1086,,0,unknown,UNKNOWN,False,403,,RobotsDisallowed,
4241296,zysjonline.com,top_zysjonline,https://zysjonline.com/books/bencaoqiuzhen/107996/,https://zysjonline.com/books/bencaoqiuzhen/107996/,,ROBOTS_BLOCKED,,,,,,,,,0,False,0,2046,,0,unknown,UNKNOWN,False,403,,RobotsDisallowed,
4312037,zysjonline.com,top_zysjonline,https://zysjonline.com/books/tanhuodianxue/141449/,https://zysjonline.com/books/tanhuodianxue/141449/,,ROBOTS_BLOCKED,,,,,,,,,0,False,0,2018,,0,unknown,UNKNOWN,False,403,,RobotsDisallowed,
4325879,zysjonline.com,top_zysjonline,https://zysjonline.com/books/yaolongxiaopin/196030/,https://zysjonline.com/books/yaolongxiaopin/196030/,,ROBOTS_BLOCKED,,,,,,,,,0,False,0,3018,,0,unknown,UNKNOWN,False,403,,RobotsDisallowed,
4346543,zysjonline.com,feature_no_extension,https://zysjonline.com/books/zengdingyepingshangshuquanshu/149131/,https://zysjonline.com/books/zengdingyepingshangshuquanshu/149131/,,ROBOTS_BLOCKED,,,,,,,,,0,False,0,3927,,0,unknown,UNKNOWN,False,403,,RobotsDisallowed,
4349915,zysjonline.com,top_zysjonline,https://zysjonline.com/books/zhengleibencao/95259/,https://zysjonline.com/books/zhengleibencao/95259/,,ROBOTS_BLOCKED,,,,,,,,,0,False,0,4572,,0,unknown,UNKNOWN,False,403,,RobotsDisallowed,
4360466,zysjonline.com,top_zysjonline,https://zysjonline.com/books/zhongyicidian2052/24471/,https://zysjonline.com/books/zhongyicidian2052/24471/,,ROBOTS_BLOCKED,,,,,,,,,0,False,0,5040,,0,unknown,UNKNOWN,False,403,,RobotsDisallowed,
4393425,zysjonline.com,top_zysjonline,https://zysjonline.com/formulas/funvjiukujindan/,https://zysjonline.com/formulas/funvjiukujindan/,,ROBOTS_BLOCKED,,,,,,,,,0,False,0,5729,,0,unknown,UNKNOWN,False,403,,RobotsDisallowed,
4395819,zysjonline.com,top_zysjonline,https://zysjonline.com/formulas/hongbaidan/,https://zysjonline.com/formulas/hongbaidan/,,ROBOTS_BLOCKED,,,,,,,,,0,False,0,6041,,0,unknown,UNKNOWN,False,403,,RobotsDisallowed,
