doc_id,domain,inferred_language,sampling_categories,original_url,fetch_url
996976,120ask.com,zh,top_120ask,http://www.120ask.com/question/108464439.htm,http://www.120ask.com/question/108464439.htm
1069640,120ask.com,zh,top_120ask,http://www.120ask.com/question/14503905.htm,http://www.120ask.com/question/14503905.htm
1154945,120ask.com,zh,top_120ask,http://www.120ask.com/question/228486.htm,http://www.120ask.com/question/228486.htm
1290100,120ask.com,zh,top_120ask,http://www.120ask.com/question/4993186.htm,http://www.120ask.com/question/4993186.htm
1321117,120ask.com,zh,top_120ask,http://www.120ask.com/question/61224148.htm,http://www.120ask.com/question/61224148.htm
1326791,120ask.com,zh,top_120ask,http://www.120ask.com/question/626599.htm,http://www.120ask.com/question/626599.htm
2908584,120ask.com,zh,top_120ask,https://www.120ask.com/question/6084318.htm,https://www.120ask.com/question/6084318.htm
2927619,120ask.com,zh,top_120ask,https://www.120ask.com/question/65722643.htm,https://www.120ask.com/question/65722643.htm
3002938,a-hospital.com,zh,top_ahospital,https://www.a-hospital.com/w/%E4%BB%81%E6%96%8B%E7%9B%B4%E6%8C%87,https://www.a-hospital.com/w/%E4%BB%81%E6%96%8B%E7%9B%B4%E6%8C%87
3015464,a-hospital.com,zh,top_ahospital,https://www.a-hospital.com/w/%E5%8C%BB%E5%AD%A6%E5%BD%B1%E5%83%8F%E5%AD%A6/%E5%BF%83%E4%B8%8E%E5%A4%A7%E8%A1%80%E7%AE%A1CT%E8%AF%8A%E6%96%AD,https://www.a-hospital.com/w/%E5%8C%BB%E5%AD%A6%E5%BD%B1%E5%83%8F%E5%AD%A6/%E5%BF%83%E4%B8%8E%E5%A4%A7%E8%A1%80%E7%AE%A1CT%E8%AF%8A%E6%96%AD
3023996,a-hospital.com,zh,top_ahospital,https://www.a-hospital.com/w/%E5%90%91%E5%A4%A9%E8%9C%88%E8%9A%A3,https://www.a-hospital.com/w/%E5%90%91%E5%A4%A9%E8%9C%88%E8%9A%A3
3029890,a-hospital.com,zh,top_ahospital,https://www.a-hospital.com/w/%E5%9F%B9%E6%A4%8D%E7%89%9B%E9%BB%84,https://www.a-hospital.com/w/%E5%9F%B9%E6%A4%8D%E7%89%9B%E9%BB%84
3030187,a-hospital.com,zh,top_ahospital,https://www.a-hospital.com/w/%E5%9F%BA%E7%A1%80%E6%A3%80%E9%AA%8C%E5%AD%A6/%E7%B2%AA%E4%BE%BF%E4%B8%80%E8%88%AC%E6%80%A7%E7%8A%B6%E6%A3%80%E6%9F%A5,https://www.a-hospital.com/w/%E5%9F%BA%E7%A1%80%E6%A3%80%E9%AA%8C%E5%AD%A6/%E7%B2%AA%E4%BE%BF%E4%B8%80%E8%88%AC%E6%80%A7%E7%8A%B6%E6%A3%80%E6%9F%A5
3094661,a-hospital.com,zh,top_ahospital,https://www.a-hospital.com/w/%E7%96%AB%E5%96%89,https://www.a-hospital.com/w/%E7%96%AB%E5%96%89
3108065,a-hospital.com,zh,top_ahospital,https://www.a-hospital.com/w/%E7%BA%BF%E6%80%A7%E5%85%B3%E7%B3%BB,https://www.a-hospital.com/w/%E7%BA%BF%E6%80%A7%E5%85%B3%E7%B3%BB
3125816,a-hospital.com,zh,top_ahospital,https://www.a-hospital.com/w/%E8%92%B2%E5%85%AC%E8%8B%B1,https://www.a-hospital.com/w/%E8%92%B2%E5%85%AC%E8%8B%B1
2171356,ask.39.net,zh,top_ask39,https://ask.39.net/question/106379717.html,https://ask.39.net/question/106379717.html
2191542,ask.39.net,zh,top_ask39,https://ask.39.net/question/112881224.html,https://ask.39.net/question/112881224.html
2213905,ask.39.net,zh,top_ask39,https://ask.39.net/question/22423825.html,https://ask.39.net/question/22423825.html
2219069,ask.39.net,zh,top_ask39,https://ask.39.net/question/25873655.html,https://ask.39.net/question/25873655.html
2419888,ask.39.net,zh,top_ask39,https://ask.39.net/question/_9pfrtj.html,https://ask.39.net/question/_9pfrtj.html
2425409,ask.39.net,zh,top_ask39,https://ask.39.net/question/_bydwc5.html,https://ask.39.net/question/_bydwc5.html
2435499,ask.39.net,zh,top_ask39,https://ask.39.net/question/_h27ab5.html,https://ask.39.net/question/_h27ab5.html
2458650,ask.39.net,zh,top_ask39,https://ask.39.net/question/_tq64x5.html,https://ask.39.net/question/_tq64x5.html
1431983,cnkang.com,zh,top_cnkang,http://www.cnkang.com/dise/160/811555.html,http://www.cnkang.com/dise/160/811555.html
1456969,cnkang.com,,feature_http_redirect,http://www.cnkang.com/dise/219/83007.html,http://www.cnkang.com/dise/219/83007.html
1671555,cnkang.com,zh,top_cnkang,http://www.cnkang.com/dzjk/201102/33990.html,http://www.cnkang.com/dzjk/201102/33990.html
1736785,cnkang.com,zh,top_cnkang,http://www.cnkang.com/jibing/byazl/648210.html,http://www.cnkang.com/jibing/byazl/648210.html
1738682,cnkang.com,zh,top_cnkang,http://www.cnkang.com/jibing/danguanai/241406.html,http://www.cnkang.com/jibing/danguanai/241406.html
1856809,cnkang.com,zh,top_cnkang,http://www.cnkang.com/nkwk/bgzz/209821.html,http://www.cnkang.com/nkwk/bgzz/209821.html
1949313,cnkang.com,,feature_http_redirect,http://www.cnkang.com/nxjk/201012/5897.html,http://www.cnkang.com/nxjk/201012/5897.html
3351606,cnkang.com,zh,top_cnkang,https://www.cnkang.com/dise/602/381150.html,https://www.cnkang.com/dise/602/381150.html
3410616,cnkang.com,zh,top_cnkang,https://www.cnkang.com/dzjk/201110/113868.html,https://www.cnkang.com/dzjk/201110/113868.html
3476080,cnkang.com,zh,top_cnkang,https://www.cnkang.com/myjk/201209/490622.html,https://www.cnkang.com/myjk/201209/490622.html
3639885,familydoctor.com.cn,zh,top_familydoctor,https://www.familydoctor.com.cn/fuke/a/201611/1447178.html,https://www.familydoctor.com.cn/fuke/a/201611/1447178.html
3647879,familydoctor.com.cn,zh,top_familydoctor,https://www.familydoctor.com.cn/fuke/a/201611/1464174.html,https://www.familydoctor.com.cn/fuke/a/201611/1464174.html
3796399,familydoctor.com.cn,zh,top_familydoctor,https://www.familydoctor.com.cn/lady/a/201310/518900.html,https://www.familydoctor.com.cn/lady/a/201310/518900.html
3819658,familydoctor.com.cn,zh,top_familydoctor,https://www.familydoctor.com.cn/man/a/201911/2581994.html,https://www.familydoctor.com.cn/man/a/201911/2581994.html
3868637,familydoctor.com.cn,zh,top_familydoctor,https://www.familydoctor.com.cn/sex/a/201701/1673068.html,https://www.familydoctor.com.cn/sex/a/201701/1673068.html
3882639,familydoctor.com.cn,zh,top_familydoctor,https://www.familydoctor.com.cn/shen/a/201710/2353298.html,https://www.familydoctor.com.cn/shen/a/201710/2353298.html
3892711,familydoctor.com.cn,zh,top_familydoctor,https://www.familydoctor.com.cn/tangniaobing/a/201703/1807906.html,https://www.familydoctor.com.cn/tangniaobing/a/201703/1807906.html
3974170,familydoctor.com.cn,zh,top_familydoctor,https://www.familydoctor.com.cn/yinshi/contents/201103/8211253161625.html,https://www.familydoctor.com.cn/yinshi/contents/201103/8211253161625.html
148538,laodong.vn,vi,vi_laodong,https://laodong.vn/dinh-duong-am-thuc/bi-quyet-goi-sua-ve-sau-sinh-mo-cuc-hieu-qua-857260.ldo,https://laodong.vn/dinh-duong-am-thuc/bi-quyet-goi-sua-ve-sau-sinh-mo-cuc-hieu-qua-857260.ldo
150657,laodong.vn,vi,vi_laodong,https://laodong.vn/dinh-duong-am-thuc/thuc-don-bua-toi-giam-mo-noi-tang-hieu-qua-trong-1-tuan-1433589.ldo,https://laodong.vn/dinh-duong-am-thuc/thuc-don-bua-toi-giam-mo-noi-tang-hieu-qua-trong-1-tuan-1433589.ldo
151965,laodong.vn,,suffix_ldo,https://laodong.vn/lam-dep/loi-ich-cua-dau-lang-do-doi-voi-lan-da-1436906.ldo,https://laodong.vn/lam-dep/loi-ich-cua-dau-lang-do-doi-voi-lan-da-1436906.ldo
158508,laodong.vn,,suffix_ldo,https://laodong.vn/suc-khoe/cach-su-dung-mat-ong-de-chua-tieu-chay-dip-tet-1455360.ldo,https://laodong.vn/suc-khoe/cach-su-dung-mat-ong-de-chua-tieu-chay-dip-tet-1455360.ldo
172429,laodong.vn,vi,vi_laodong,https://laodong.vn/video/tra-doc-la-tu-loai-hoa-do-trong-day-vuon-giup-song-lau-hon-1463941.ldo,https://laodong.vn/video/tra-doc-la-tu-loai-hoa-do-trong-day-vuon-giup-song-lau-hon-1463941.ldo
176620,medlatec.vn,vi,vi_medlatec,https://medlatec.vn/tin-tuc/benh-tri--can-benh-kho-chiu-anh-huong-lon-den-sinh-hoat-hang-ngay-s195-n19686,https://medlatec.vn/tin-tuc/benh-tri--can-benh-kho-chiu-anh-huong-lon-den-sinh-hoat-hang-ngay-s195-n19686
181642,medlatec.vn,vi,vi_medlatec,https://medlatec.vn/tin-tuc/di-ngoai-ra-mo-co-phai-la-benh-ly-tieu-hoa-nguy-hiem-hay-khong,https://medlatec.vn/tin-tuc/di-ngoai-ra-mo-co-phai-la-benh-ly-tieu-hoa-nguy-hiem-hay-khong
183367,medlatec.vn,vi,vi_medlatec,https://medlatec.vn/tin-tuc/gioi-thieu-6-xet-nghiem-noi-tiet-pho-bien-nhat-s58-n31785,https://medlatec.vn/tin-tuc/gioi-thieu-6-xet-nghiem-noi-tiet-pho-bien-nhat-s58-n31785
206021,nhathuoclongchau.com.vn,vi,top_longchau,https://nhathuoclongchau.com.vn/bai-viet/5-tai-bien-san-khoa-thuong-gap-trong-qua-trinh-sinh-no.html,https://nhathuoclongchau.com.vn/bai-viet/5-tai-bien-san-khoa-thuong-gap-trong-qua-trinh-sinh-no.html
236239,nhathuoclongchau.com.vn,vi,top_longchau,https://nhathuoclongchau.com.vn/bai-viet/ha-duong-chan-toc-la-gi-co-nen-ha-duong-chan-toc-khong.html,https://nhathuoclongchau.com.vn/bai-viet/ha-duong-chan-toc-la-gi-co-nen-ha-duong-chan-toc-khong.html
237365,nhathuoclongchau.com.vn,vi,top_longchau,https://nhathuoclongchau.com.vn/bai-viet/ho-hap-nhan-tao-la-gi-co-may-phuong-phap-nhan-tao-64343.html,https://nhathuoclongchau.com.vn/bai-viet/ho-hap-nhan-tao-la-gi-co-may-phuong-phap-nhan-tao-64343.html
243684,nhathuoclongchau.com.vn,vi,top_longchau,https://nhathuoclongchau.com.vn/bai-viet/loi-ich-va-thach-thuc-trong-ghep-tang-hanh-trinh-cuu-song-nguoi-benh.html,https://nhathuoclongchau.com.vn/bai-viet/loi-ich-va-thach-thuc-trong-ghep-tang-hanh-trinh-cuu-song-nguoi-benh.html
258597,nhathuoclongchau.com.vn,vi,top_longchau,https://nhathuoclongchau.com.vn/bai-viet/phu-nu-50-tuoi-con-ham-muon-khong.html,https://nhathuoclongchau.com.vn/bai-viet/phu-nu-50-tuoi-con-ham-muon-khong.html
275600,nhathuoclongchau.com.vn,vi,top_longchau,https://nhathuoclongchau.com.vn/bai-viet/tron-bo-hatomugi-gom-nhung-gi.html,https://nhathuoclongchau.com.vn/bai-viet/tron-bo-hatomugi-gom-nhung-gi.html
275668,nhathuoclongchau.com.vn,vi,top_longchau,https://nhathuoclongchau.com.vn/bai-viet/trong-tao-ta-bao-nhieu-calo-va-an-nhieu-tao-co-tot-khong.html,https://nhathuoclongchau.com.vn/bai-viet/trong-tao-ta-bao-nhieu-calo-va-an-nhieu-tao-co-tot-khong.html
281767,nhathuoclongchau.com.vn,vi,top_longchau,https://nhathuoclongchau.com.vn/bai-viet/xi-mui-bi-u-tai-phai-lam-sao-mach-ban-nhung-phuong-phap-khac-phuc-58650.html,https://nhathuoclongchau.com.vn/bai-viet/xi-mui-bi-u-tai-phai-lam-sao-mach-ban-nhung-phuong-phap-khac-phuc-58650.html
316789,phuyen.baodaklak.vn,,feature_no_extension,https://phuyen.baodaklak.vn/95/72940/dung-hoa-qua-cung-phai-dung-lieu/,https://phuyen.baodaklak.vn/95/72940/dung-hoa-qua-cung-phai-dung-lieu/
325132,suckhoecongdongonline.vn,vi,top_suckhoecongdong,https://suckhoecongdongonline.vn/4-4-hoc-sinh-doi-tuyen-viet-nam-gianh-huy-chuong-tai-olympic-tin-hoc-quoc-te-2023,https://suckhoecongdongonline.vn/4-4-hoc-sinh-doi-tuyen-viet-nam-gianh-huy-chuong-tai-olympic-tin-hoc-quoc-te-2023
325211,suckhoecongdongonline.vn,vi,top_suckhoecongdong,https://suckhoecongdongonline.vn/4-chuc-nang-cua-vitamin-k,https://suckhoecongdongonline.vn/4-chuc-nang-cua-vitamin-k
330042,suckhoecongdongonline.vn,vi,top_suckhoecongdong,https://suckhoecongdongonline.vn/ba-bau-co-duoc-an-dua-khong-421755273333,https://suckhoecongdongonline.vn/ba-bau-co-duoc-an-dua-khong-421755273333
331804,suckhoecongdongonline.vn,vi,top_suckhoecongdong,https://suckhoecongdongonline.vn/bai-bo-quy-dinh-dong-phi-chan-tha-trau-bo,https://suckhoecongdongonline.vn/bai-bo-quy-dinh-dong-phi-chan-tha-trau-bo
365217,suckhoecongdongonline.vn,vi,top_suckhoecongdong,https://suckhoecongdongonline.vn/dien-bien-vu-be-gai-6-tuoi-tu-vong-nghi-bi-bao-hanh-bo-de-khai-co-danh,https://suckhoecongdongonline.vn/dien-bien-vu-be-gai-6-tuoi-tu-vong-nghi-bi-bao-hanh-bo-de-khai-co-danh
379974,suckhoecongdongonline.vn,vi,top_suckhoecongdong,https://suckhoecongdongonline.vn/ha-noi-tang-cuong-kiem-tra-kiem-soat-an-toan-thuc-pham-dip-cuoi-nam,https://suckhoecongdongonline.vn/ha-noi-tang-cuong-kiem-tra-kiem-soat-an-toan-thuc-pham-dip-cuoi-nam
431366,suckhoecongdongonline.vn,vi,top_suckhoecongdong,https://suckhoecongdongonline.vn/siet-tour-0-dong-nhung-khong-de-luong-khach-quoc-te-den-viet-nam-giam,https://suckhoecongdongonline.vn/siet-tour-0-dong-nhung-khong-de-luong-khach-quoc-te-den-viet-nam-giam
444236,suckhoecongdongonline.vn,vi,top_suckhoecongdong,https://suckhoecongdongonline.vn/tiet-lo-cuon-so-quyet-dinh-so-phan-bs-hoang-cong-luong,https://suckhoecongdongonline.vn/tiet-lo-cuon-so-quyet-dinh-so-phan-bs-hoang-cong-luong
489970,suckhoedoisong.vn,vi,top_suckhoedoisong,https://suckhoedoisong.vn/ban-tin-thoi-tiet-nam-bo-chuan-bi-buoc-vao-dot-mua-to-dien-rong-169250917131624242.htm,https://suckhoedoisong.vn/ban-tin-thoi-tiet-nam-bo-chuan-bi-buoc-vao-dot-mua-to-dien-rong-169250917131624242.htm
503679,suckhoedoisong.vn,vi,top_suckhoedoisong,https://suckhoedoisong.vn/chay-dua-cung-thoi-gian-cuu-nguoi-dan-ong-vo-ruot-gay-cot-song-nguy-kich-169230202192245335.htm,https://suckhoedoisong.vn/chay-dua-cung-thoi-gian-cuu-nguoi-dan-ong-vo-ruot-gay-cot-song-nguy-kich-169230202192245335.htm
513395,suckhoedoisong.vn,vi,top_suckhoedoisong,https://suckhoedoisong.vn/dinh-duong-phu-hop-giup-bao-ve-suc-khoe-nhung-ngay-thoi-tiet-that-thuong-169230731093921601.htm,https://suckhoedoisong.vn/dinh-duong-phu-hop-giup-bao-ve-suc-khoe-nhung-ngay-thoi-tiet-that-thuong-169230731093921601.htm
531879,suckhoedoisong.vn,vi,top_suckhoedoisong,https://suckhoedoisong.vn/ngay-suc-khoe-the-gioi-2025-who-viet-nam-keu-goi-hanh-dong-de-bao-dam-moi-ba-me-va-tre-so-sinh-deu-nhan-duoc-su-cham-soc-169250408102656106.htm,https://suckhoedoisong.vn/ngay-suc-khoe-the-gioi-2025-who-viet-nam-keu-goi-hanh-dong-de-bao-dam-moi-ba-me-va-tre-so-sinh-deu-nhan-duoc-su-cham-soc-169250408102656106.htm
534309,suckhoedoisong.vn,vi,top_suckhoedoisong,https://suckhoedoisong.vn/nguy-co-tan-tat-va-tu-vong-cao-o-benh-nhan-dot-quy-do-covid-19-169220211100159026.htm,https://suckhoedoisong.vn/nguy-co-tan-tat-va-tu-vong-cao-o-benh-nhan-dot-quy-do-covid-19-169220211100159026.htm
551114,suckhoedoisong.vn,vi,top_suckhoedoisong,https://suckhoedoisong.vn/thuc-pham-bo-sung-nao-ho-tro-dieu-tri-viem-tuyen-mo-hoi-mu-169251010074236857.htm,https://suckhoedoisong.vn/thuc-pham-bo-sung-nao-ho-tro-dieu-tri-viem-tuyen-mo-hoi-mu-169251010074236857.htm
552836,suckhoedoisong.vn,vi,top_suckhoedoisong,https://suckhoedoisong.vn/thuoc-tri-o-chua-co-the-cai-thien-benh-nuou-rang-169220219161926324.htm,https://suckhoedoisong.vn/thuoc-tri-o-chua-co-the-cai-thien-benh-nuou-rang-169220219161926324.htm
561433,suckhoedoisong.vn,vi,top_suckhoedoisong,https://suckhoedoisong.vn/vinamilk-trong-gan-100-ngan-cay-xanh-va-trao-tang-66000-ly-sua-tai-tinh-ca-mau-169143810.htm,https://suckhoedoisong.vn/vinamilk-trong-gan-100-ngan-cay-xanh-va-trao-tang-66000-ly-sua-tai-tinh-ca-mau-169143810.htm
2537545,test.pmphai.com,,feature_query_string,https://test.pmphai.com/jeesitede/appcase/toPcDetail?sessionId=&knowledgeLibPrefix=case&id=15243,https://test.pmphai.com/jeesitede/appcase/toPcDetail?sessionId=&knowledgeLibPrefix=case&id=15243
2537954,test.pmphai.com,,feature_query_string,https://test.pmphai.com/jeesitede/appcase/toPcDetail?sessionId=&knowledgeLibPrefix=case&id=15654,https://test.pmphai.com/jeesitede/appcase/toPcDetail?sessionId=&knowledgeLibPrefix=case&id=15654
2538890,test.pmphai.com,,feature_query_string,https://test.pmphai.com/jeesitede/appcase/toPcDetail?sessionId=&knowledgeLibPrefix=case&id=1782299726587101186,https://test.pmphai.com/jeesitede/appcase/toPcDetail?sessionId=&knowledgeLibPrefix=case&id=1782299726587101186
2541834,test.pmphai.com,,feature_query_string,https://test.pmphai.com/jeesitede/appdisease/toPcDetail?sessionId=&knowledgeLibPrefix=disease&id=0001AA100000000EQVYT,https://test.pmphai.com/jeesitede/appdisease/toPcDetail?sessionId=&knowledgeLibPrefix=disease&id=0001AA100000000EQVYT
2542392,test.pmphai.com,,unusual_test_pmphai,https://test.pmphai.com/jeesitede/appdisease/toPcDetail?sessionId=&knowledgeLibPrefix=disease&id=10789,https://test.pmphai.com/jeesitede/appdisease/toPcDetail?sessionId=&knowledgeLibPrefix=disease&id=10789
2547241,test.pmphai.com,,unusual_test_pmphai,https://test.pmphai.com/jeesitede/appdisease/toPcDetail?sessionId=&knowledgeLibPrefix=disease&id=22064,https://test.pmphai.com/jeesitede/appdisease/toPcDetail?sessionId=&knowledgeLibPrefix=disease&id=22064
2548709,test.pmphai.com,,unusual_test_pmphai,https://test.pmphai.com/jeesitede/appdisease/toPcDetail?sessionId=&knowledgeLibPrefix=disease&id=24229,https://test.pmphai.com/jeesitede/appdisease/toPcDetail?sessionId=&knowledgeLibPrefix=disease&id=24229
2550007,test.pmphai.com,,unusual_test_pmphai,https://test.pmphai.com/jeesitede/appdisease/toPcDetail?sessionId=&knowledgeLibPrefix=disease&id=28741,https://test.pmphai.com/jeesitede/appdisease/toPcDetail?sessionId=&knowledgeLibPrefix=disease&id=28741
588988,thanhnien.vn,vi,vi_thanhnien,https://thanhnien.vn/34-tre-duoi-5-tuoi-bi-thap-coi-185300470.htm,https://thanhnien.vn/34-tre-duoi-5-tuoi-bi-thap-coi-185300470.htm
629353,thanhnien.vn,vi,vi_thanhnien,https://thanhnien.vn/muon-thuc-day-tinh-tao-vao-6-gio-sang-thi-can-ngu-luc-may-gio-185800487.htm,https://thanhnien.vn/muon-thuc-day-tinh-tao-vao-6-gio-sang-thi-can-ngu-luc-may-gio-185800487.htm
643822,thanhnien.vn,vi,vi_thanhnien,https://thanhnien.vn/san-phu-de-roi-tai-nha-duoc-bac-si-kip-thoi-ho-tro-185251007151645684.htm,https://thanhnien.vn/san-phu-de-roi-tai-nha-duoc-bac-si-kip-thoi-ho-tro-185251007151645684.htm
676946,tienphong.vn,,suffix_tpo,https://tienphong.vn/gia-han-kiem-tra-phong-kham-sai-gon-tam-duc-o-ca-mau-bi-to-truc-loi-quy-bhyt-post1796310.tpo,https://tienphong.vn/gia-han-kiem-tra-phong-kham-sai-gon-tam-duc-o-ca-mau-bi-to-truc-loi-quy-bhyt-post1796310.tpo
677023,tienphong.vn,,suffix_tpo,https://tienphong.vn/hai-benh-vien-lon-phoi-hop-phau-thuat-di-tat-tim-giup-thai-nhi-24-tuan-chao-doi-khoe-manh-post1826497.tpo,https://tienphong.vn/hai-benh-vien-lon-phoi-hop-phau-thuat-di-tat-tim-giup-thai-nhi-24-tuan-chao-doi-khoe-manh-post1826497.tpo
730466,vietnamplus.vn,,suffix_vnp,https://www.vietnamplus.vn/cuu-song-mot-nam-thanh-nien-bi-thanh-sat-dai-2-met-dam-thau-nguc-post563435.vnp,https://www.vietnamplus.vn/cuu-song-mot-nam-thanh-nien-bi-thanh-sat-dai-2-met-dam-thau-nguc-post563435.vnp
733073,vietnamplus.vn,,suffix_vnp,https://www.vietnamplus.vn/xac-dinh-nguyen-nhan-gay-tac-dung-phu-cua-vaccine-mrna-post985894.vnp,https://www.vietnamplus.vn/xac-dinh-nguyen-nhan-gay-tac-dung-phu-cua-vaccine-mrna-post985894.vnp
739567,vinmec.com,vi,vi_vinmec,https://www.vinmec.com/vie/bai-viet/co-dung-thuoc-nao-ho-tro-giam-dau-ung-thu-gan-di-can-vi,https://www.vinmec.com/vie/bai-viet/co-dung-thuoc-nao-ho-tro-giam-dau-ung-thu-gan-di-can-vi
740017,vinmec.com,vi,vi_vinmec,https://www.vinmec.com/vie/bai-viet/cong-dung-cua-cay-gam-vi,https://www.vinmec.com/vie/bai-viet/cong-dung-cua-cay-gam-vi
743298,vinmec.com,vi,vi_vinmec,https://www.vinmec.com/vie/bai-viet/gay-xuong-suon-co-can-bo-bot-khong-vi,https://www.vinmec.com/vie/bai-viet/gay-xuong-suon-co-can-bo-bot-khong-vi
705981,vov.vn,,suffix_vov,https://vov.vn/suc-khoe/bi-kip-an-com-chay-nhung-van-giu-duoc-dang-thon-post1249966.vov,https://vov.vn/suc-khoe/bi-kip-an-com-chay-nhung-van-giu-duoc-dang-thon-post1249966.vov
710571,vov.vn,,suffix_vov,https://vov.vn/suc-khoe/phong-ngua-rui-ro-khi-chay-duong-dai-vao-ban-dem-cho-nguoi-chay-bo-post1006100.vov,https://vov.vn/suc-khoe/phong-ngua-rui-ro-khi-chay-duong-dai-vao-ban-dem-cho-nguoi-chay-bo-post1006100.vov
715038,vov2.vov.vn,,suffix_vov2,https://vov2.vov.vn/suc-khoe/chien-dich-tiem-vaccine-phong-covid-19-vui-trung-thu-va-tuu-truong-an-toan-37309.vov2,https://vov2.vov.vn/suc-khoe/chien-dich-tiem-vaccine-phong-covid-19-vui-trung-thu-va-tuu-truong-an-toan-37309.vov2
715883,vov2.vov.vn,,suffix_vov2,https://vov2.vov.vn/suc-khoe/f0-cham-soc-tai-nha-can-chu-y-nhung-dau-hieu-tang-nang-30941.vov2,https://vov2.vov.vn/suc-khoe/f0-cham-soc-tai-nha-can-chu-y-nhung-dau-hieu-tang-nang-30941.vov2
4063270,zhongyibaodian.net,zh,top_zhongyibaodian,https://zhongyibaodian.net/a/139888.html,https://zhongyibaodian.net/a/139888.html
4066781,zhongyibaodian.net,zh,top_zhongyibaodian,https://zhongyibaodian.net/a/143780.html,https://zhongyibaodian.net/a/143780.html
4073608,zhongyibaodian.net,zh,top_zhongyibaodian,https://zhongyibaodian.net/a/151976.html,https://zhongyibaodian.net/a/151976.html
4115732,zhongyibaodian.net,zh,top_zhongyibaodian,https://zhongyibaodian.net/a/42391.html,https://zhongyibaodian.net/a/42391.html
4117223,zhongyibaodian.net,zh,top_zhongyibaodian,https://zhongyibaodian.net/a/44191.html,https://zhongyibaodian.net/a/44191.html
4124830,zhongyibaodian.net,zh,top_zhongyibaodian,https://zhongyibaodian.net/a/54795.html,https://zhongyibaodian.net/a/54795.html
4134405,zhongyibaodian.net,zh,top_zhongyibaodian,https://zhongyibaodian.net/a/67228.html,https://zhongyibaodian.net/a/67228.html
4153697,zhongyibaodian.net,zh,top_zhongyibaodian,https://zhongyibaodian.net/a/92522.html,https://zhongyibaodian.net/a/92522.html
2069577,zydcd.com,,feature_http_redirect,http://www.zydcd.com/zhongyi/zy24509ly/,http://www.zydcd.com/zhongyi/zy24509ly/
2124687,zydcd.com,,feature_http_redirect,http://www.zydcd.com/zhongyi/zy81811yn/,http://www.zydcd.com/zhongyi/zy81811yn/
4177985,zysjonline.com,,feature_no_extension,https://zysjonline.com/articles/misc/1089/,https://zysjonline.com/articles/misc/1089/
4217811,zysjonline.com,zh,top_zysjonline,https://zysjonline.com/articles/misc/60711/,https://zysjonline.com/articles/misc/60711/
4223843,zysjonline.com,,feature_no_extension,https://zysjonline.com/articles/misc/67142/,https://zysjonline.com/articles/misc/67142/
4241296,zysjonline.com,zh,top_zysjonline,https://zysjonline.com/books/bencaoqiuzhen/107996/,https://zysjonline.com/books/bencaoqiuzhen/107996/
4312037,zysjonline.com,zh,top_zysjonline,https://zysjonline.com/books/tanhuodianxue/141449/,https://zysjonline.com/books/tanhuodianxue/141449/
4325879,zysjonline.com,zh,top_zysjonline,https://zysjonline.com/books/yaolongxiaopin/196030/,https://zysjonline.com/books/yaolongxiaopin/196030/
4346543,zysjonline.com,,feature_no_extension,https://zysjonline.com/books/zengdingyepingshangshuquanshu/149131/,https://zysjonline.com/books/zengdingyepingshangshuquanshu/149131/
4349915,zysjonline.com,zh,top_zysjonline,https://zysjonline.com/books/zhengleibencao/95259/,https://zysjonline.com/books/zhengleibencao/95259/
4360466,zysjonline.com,zh,top_zysjonline,https://zysjonline.com/books/zhongyicidian2052/24471/,https://zysjonline.com/books/zhongyicidian2052/24471/
4393425,zysjonline.com,zh,top_zysjonline,https://zysjonline.com/formulas/funvjiukujindan/,https://zysjonline.com/formulas/funvjiukujindan/
4395819,zysjonline.com,zh,top_zysjonline,https://zysjonline.com/formulas/hongbaidan/,https://zysjonline.com/formulas/hongbaidan/
